StudentID,Name,Age,Gender,Total_Marks,City,Result
1001,Timothy Mendoza,14,M,365.0,Delhi,Pass
1002,Taylor Jackson,14,F,327.0,Delhi,Pass
1003,Erica Lawrence,13,F,343.0,Bangalore,Pass
1004,Rachel Murray,15,M,289.0,Kolkata,Pass
1005,Jesse Horne,17,M,356.0,Bangalore,Pass
1006,Priscilla Cook,18,F,411.0,Mumbai,Pass
1007,James Jefferson,16,M,357.0,Kolkata,Pass
1008,Cynthia Leonard,18,M,263.0,Chennai,Pass
1009,Audrey Allen,13,F,285.0,Delhi,Pass
1010,Jeffrey Campbell,18,M,315.0,Bangalore,Pass
1011,Ryan Jefferson,15,M,284.0,Delhi,Pass
1012,Christina Wilson,18,M,350.0,Delhi,Pass
1013,Brittany Sanchez,17,F,342.0,Chennai,Pass
1014,Christopher Wagner,16,F,240.0,Chennai,Pass
1015,Kyle Blake,15,M,341.0,Delhi,Pass
1016,Nicole Guerrero,14,M,299.0022304832714,Chennai,Pass
1017,Joe Frazier,16,M,279.0,Delhi,Pass
1018,James Lawson,17,F,350.0,Mumbai,Pass
1019,James Winters,15,F,224.0,Mumbai,Pass
1020,Victor Vargas,13,M,247.0,Kolkata,Pass
1021,Jason Dunn,15,F,186.0,Bangalore,Fail
1022,Martin Howard,15,M,305.0,Bangalore,Pass
1023,Melissa White,17,F,315.0,Chennai,Pass
1024,Jamie Watson,17,F,299.0022304832714,Mumbai,Pass
1025,Amanda Mcdonald,17,M,385.0,Bangalore,Pass
1026,Tina Johnson,17,M,259.0,Chennai,Pass
1027,Julian Martin,18,F,458.0,Bangalore,Pass
1028,Chelsea Randolph,15,F,304.0,Mumbai,Pass
1029,James Benson,16,F,126.0,Bangalore,Fail
1030,Holly Foster,17,M,299.0022304832714,Mumbai,Pass
1031,Jennifer Cameron,13,F,267.0,Delhi,Pass
1032,Jessica Jacobson,16,F,350.0,Kolkata,Pass
1033,Richard Thompson,16,M,302.0,Mumbai,Pass
1034,Sharon Wagner,16,M,276.0,Chennai,Pass
1035,Anthony Rodriguez,14,M,225.0,Chennai,Pass
1036,Amy Diaz,17,F,239.0,Kolkata,Pass
1037,Amber Hall,16,M,321.0,Mumbai,Pass
1038,Abigail Navarro,17,M,246.0,Kolkata,Pass
1039,Trevor Howell,16,F,325.0,Bangalore,Pass
1040,Erica Carr,13,M,150.0,Bangalore,Fail
1041,Sarah Patrick,16,M,191.0,Kolkata,Fail
1042,Daniel Baker,15,F,299.0022304832714,Bangalore,Pass
1043,Beverly Vasquez,18,F,209.0,Kolkata,Pass
1044,Julie Melendez,14,M,216.0,Bangalore,Pass
1045,Shawn Nguyen,18,F,299.0022304832714,Bangalore,Pass
1046,Jeffrey Singh,13,F,334.0,Delhi,Pass
1047,Sharon Flores,18,M,170.0,Kolkata,Fail
1048,James Mitchell,17,M,224.0,Delhi,Pass
1049,Karina Sanchez,13,M,379.0,Kolkata,Pass
1050,John Crawford,18,M,299.0022304832714,Delhi,Pass
1051,Christine Jackson,15,M,318.0,Mumbai,Pass
1052,Anthony Snyder,17,F,299.0022304832714,Bangalore,Pass
1053,Henry Sexton,16,F,283.0,Mumbai,Pass
1054,Joshua Brown,18,M,350.0,Chennai,Pass
1055,Paula James,17,F,361.0,Kolkata,Pass
1056,Michael Anderson,14,M,302.0,Delhi,Pass
1057,Gregory Walsh,17,M,284.0,Bangalore,Pass
1058,Shari Heath,14,M,289.0,Delhi,Pass
1059,Brett Taylor,16,F,229.0,Delhi,Pass
1060,Samantha Spears,15,F,299.0022304832714,Bangalore,Pass
1061,Justin Anderson,14,F,383.0,Chennai,Pass
1062,Stephanie Thomas,16,M,233.0,Mumbai,Pass
1063,Rhonda Freeman,18,M,232.0,Mumbai,Pass
1064,Luis Ward,18,F,168.0,Kolkata,Fail
1065,Scott Collins,18,M,404.0,Chennai,Pass
1066,Jose Craig,18,F,299.0022304832714,Kolkata,Pass
1067,Martha White,17,M,277.0,Bangalore,Pass
1068,Travis Thomas,17,F,299.0022304832714,Kolkata,Pass
1069,Jennifer Henderson,13,M,333.0,Chennai,Pass
1070,Franklin Powell,13,F,348.0,Delhi,Pass
1071,Danny Pugh,14,M,299.0022304832714,Delhi,Pass
1072,Marissa Thompson,16,F,206.0,Delhi,Pass
1073,Travis Soto,14,M,486.0,Kolkata,Pass
1074,Courtney Johnson,13,M,195.0,Chennai,Fail
1075,Anna Davis,14,M,355.0,Kolkata,Pass
1076,Christopher Garcia,18,M,366.0,Kolkata,Pass
1077,John Martinez,16,M,299.0022304832714,Kolkata,Pass
1078,Sarah Chaney,18,M,369.0,Mumbai,Pass
1079,Justin Allen,17,M,299.0022304832714,Bangalore,Pass
1080,Sheri Pugh,17,M,173.0,Bangalore,Fail
1081,Heather Nelson,18,F,321.0,Bangalore,Pass
1082,Susan Taylor,14,M,410.0,Mumbai,Pass
1083,Heather Wilson,14,F,363.0,Kolkata,Pass
1084,Karen Navarro,16,F,300.0,Delhi,Pass
1085,Michael Robles,16,F,456.0,Delhi,Pass
1086,Jessica Hickman,15,M,268.0,Chennai,Pass
1087,Valerie Howe,18,F,333.0,Bangalore,Pass
1088,Hailey Cooke,14,F,362.0,Kolkata,Pass
1089,Nancy Bean,17,M,399.0,Mumbai,Pass
1090,Chad Sharp,18,M,241.0,Kolkata,Pass
1091,Robert Jones,15,M,277.0,Kolkata,Pass
1092,Wendy Curry,14,F,267.0,Bangalore,Pass
1093,Monica Wilson,15,F,235.0,Delhi,Pass
1094,Diana Pacheco,18,F,348.0,Chennai,Pass
1095,Daniel Rogers,17,F,377.0,Bangalore,Pass
1096,Emily Johnson,18,M,317.0,Kolkata,Pass
1097,Adam Rice,18,M,312.0,Delhi,Pass
1098,Craig Campbell,13,M,374.0,Bangalore,Pass
1099,Dr. Mark Snyder,14,M,418.0,Mumbai,Pass
1100,Matthew Williams,18,F,143.0,Delhi,Fail
1101,Carlos Hoover,18,F,349.0,Kolkata,Pass
1102,Michael Andersen,15,F,281.0,Kolkata,Pass
1103,Mary Jones,17,M,332.0,Kolkata,Pass
1104,Jennifer Hahn,15,M,258.0,Chennai,Pass
1105,Victoria Salazar,17,M,359.0,Delhi,Pass
1106,Abigail Summers,18,M,247.0,Delhi,Pass
1107,Kayla Rodriguez,15,F,393.0,Kolkata,Pass
1108,Ms. Holly Wallace,17,F,425.0,Delhi,Pass
1109,Jon Castillo,14,M,295.0,Mumbai,Pass
1110,Stephanie Ball,14,M,281.0,Chennai,Pass
1111,Jessica Ellis,16,M,267.0,Mumbai,Pass
1112,Alyssa Stuart,18,M,315.0,Delhi,Pass
1113,Karen Rowe,18,M,264.0,Bangalore,Pass
1114,Kylie Wood,13,F,228.0,Bangalore,Pass
1115,Shannon Coffey,15,M,190.0,Bangalore,Fail
1116,Tara Schultz,17,F,299.0022304832714,Bangalore,Pass
1117,Jeff Parker,13,M,307.0,Chennai,Pass
1118,Donald Velasquez,17,M,308.0,Chennai,Pass
1119,Nicole Gonzalez,13,F,267.0,Kolkata,Pass
1120,Timothy Brown,14,M,310.0,Mumbai,Pass
1121,Craig Bryant,14,M,201.0,Kolkata,Pass
1122,James Caldwell,16,F,378.0,Delhi,Pass
1123,Cynthia Taylor,14,M,328.0,Bangalore,Pass
1124,Gabriel Nguyen,15,M,299.0022304832714,Mumbai,Pass
1125,Crystal Gibbs,16,M,299.0022304832714,Bangalore,Pass
1126,Gerald Turner,17,F,353.0,Chennai,Pass
1127,Sabrina Gilbert,16,M,310.0,Bangalore,Pass
1128,Tracy Kim,14,M,393.0,Mumbai,Pass
1129,Wyatt Johnson,14,F,313.0,Chennai,Pass
1130,Henry Walsh,17,M,299.0022304832714,Kolkata,Pass
1131,Phillip Matthews,16,M,342.0,Bangalore,Pass
1132,Douglas Martinez,15,F,233.0,Kolkata,Pass
1133,Jeremy Dennis,14,M,250.0,Kolkata,Pass
1134,Joseph Adams,14,F,217.0,Mumbai,Pass
1135,Carrie Boyer,16,M,393.0,Kolkata,Pass
1136,Sabrina Dunlap,18,M,308.0,Chennai,Pass
1137,Alex Chapman,18,M,249.0,Bangalore,Pass
1138,Jenna Powell,16,M,365.0,Delhi,Pass
1139,Reginald Nash,18,F,150.0,Chennai,Fail
1140,Lisa Sanchez,15,F,229.0,Chennai,Pass
1141,Patricia Strickland,14,F,239.0,Mumbai,Pass
1142,Madison Clark,14,F,299.0022304832714,Bangalore,Pass
1143,Rebecca Martinez,14,M,376.0,Chennai,Pass
1144,Paul Rivera,16,M,327.0,Bangalore,Pass
1145,Patrick Francis,18,F,280.0,Mumbai,Pass
1146,Melissa Reed,14,M,229.0,Delhi,Pass
1147,Jessica Hebert,16,M,256.0,Chennai,Pass
1148,John Donaldson,14,M,302.0,Kolkata,Pass
1149,Natalie Little,16,F,271.0,Mumbai,Pass
1150,Kristin Huffman,14,M,365.0,Chennai,Pass
1151,Cesar Gentry,13,F,341.0,Kolkata,Pass
1152,Diana Cole,16,F,319.0,Mumbai,Pass
1153,Gloria Young,13,M,273.0,Bangalore,Pass
1154,Catherine Mcdonald,16,F,475.0,Delhi,Pass
1155,Zachary Jones,17,F,268.0,Bangalore,Pass
1156,Daniel Leonard,18,F,385.0,Mumbai,Pass
1157,Mary Pierce,17,F,416.0,Chennai,Pass
1158,Andre Romero,15,F,413.0,Mumbai,Pass
1159,Todd Walker Jr.,15,F,307.0,Kolkata,Pass
1160,William Mann,15,F,327.0,Kolkata,Pass
1161,Alicia Christensen,17,M,382.0,Chennai,Pass
1162,Jenna Douglas,16,F,356.0,Bangalore,Pass
1163,Holly Miller,15,F,185.0,Mumbai,Fail
1164,Michael Bean,18,F,367.0,Mumbai,Pass
1165,Richard Dalton,13,M,339.0,Bangalore,Pass
1166,Matthew Fisher,13,M,404.0,Mumbai,Pass
1167,Jason Reyes,15,M,195.0,Kolkata,Fail
1168,Nicholas Travis,17,M,282.0,Delhi,Pass
1169,Shawn Andrade,15,F,299.0022304832714,Mumbai,Pass
1170,Sherri Mclaughlin,18,F,411.0,Chennai,Pass
1171,David Sims,16,M,305.0,Bangalore,Pass
1172,Gina Baker,18,F,149.0,Delhi,Fail
1173,Allison Clark,16,F,263.0,Delhi,Pass
1174,William Parks Jr.,13,F,376.0,Chennai,Pass
1175,Tara Shannon,14,F,425.0,Delhi,Pass
1176,Autumn Evans,15,M,433.0,Chennai,Pass
1177,Richard Smith,13,F,212.0,Kolkata,Pass
1178,Patricia Martin,15,M,230.0,Delhi,Pass
1179,Cassandra Jones,16,F,323.0,Delhi,Pass
1180,Luis Robertson,14,M,348.0,Chennai,Pass
1181,Christopher Garcia,16,M,392.0,Chennai,Pass
1182,Frank Williams,16,M,325.0,Chennai,Pass
1183,Matthew Smith,15,M,214.0,Delhi,Pass
1184,Michelle Nicholson,13,M,289.0,Delhi,Pass
1185,Janice Lee,15,F,299.0022304832714,Mumbai,Pass
1186,Holly Murray,15,F,301.0,Kolkata,Pass
1187,Joseph Moore,14,M,315.0,Mumbai,Pass
1188,Scott Flores,17,M,248.0,Mumbai,Pass
1189,Renee Jackson,16,F,344.0,Kolkata,Pass
1190,Daniel Esparza,17,M,316.0,Kolkata,Pass
1191,Stephanie Marsh,16,M,290.0,Chennai,Pass
1192,Joseph Flores,15,M,208.0,Kolkata,Pass
1193,Melissa Johnson,13,F,304.0,Mumbai,Pass
1194,Melissa Mendoza,18,F,233.0,Mumbai,Pass
1195,Marc Smith,15,M,401.0,Kolkata,Pass
1196,Jessica Myers,13,F,229.0,Mumbai,Pass
1197,Lauren Watts,18,M,204.0,Bangalore,Pass
1198,Jennifer Johnston,17,M,348.0,Bangalore,Pass
1199,Douglas Reynolds,13,F,299.0022304832714,Kolkata,Pass
1200,Richard Haas,13,M,299.0,Delhi,Pass
1201,Rebecca Allen,17,F,232.0,Mumbai,Pass
1202,Annette Robinson,13,F,250.0,Kolkata,Pass
1203,Angelica Henry,17,M,255.0,Delhi,Pass
1204,Jonathan Richardson,16,M,260.0,Kolkata,Pass
1205,Angela Moore,16,M,292.0,Kolkata,Pass
1206,Kayla Kramer,14,M,263.0,Bangalore,Pass
1207,Lucas Williams,18,M,207.0,Chennai,Pass
1208,Alexander Rodriguez IV,13,M,266.0,Chennai,Pass
1209,Cody Jones,13,M,337.0,Delhi,Pass
1210,Derek Shields,13,F,163.0,Chennai,Fail
1211,Danielle Alvarado,14,F,334.0,Bangalore,Pass
1212,Eric Jones,14,F,299.0022304832714,Mumbai,Pass
1213,Martin Montgomery,13,F,394.0,Bangalore,Pass
1214,Rachel Page,15,M,307.0,Kolkata,Pass
1215,Donna Foster,17,M,261.0,Mumbai,Pass
1216,Denise Clark,15,F,231.0,Chennai,Pass
1217,James Fletcher,13,M,275.0,Chennai,Pass
1218,Stephanie Patton,16,M,200.0,Chennai,Pass
1219,Sharon Mitchell,13,F,384.0,Mumbai,Pass
1220,Lindsey James,18,M,245.0,Chennai,Pass
1221,Kathryn Gregory,13,M,299.0022304832714,Delhi,Pass
1222,Amanda Thornton,15,F,217.0,Kolkata,Pass
1223,John Anderson,14,F,265.0,Chennai,Pass
1224,Holly Atkinson,17,M,311.0,Chennai,Pass
1225,Cassandra Chapman,15,F,319.0,Chennai,Pass
1226,Brian Lynch,18,F,242.0,Kolkata,Pass
1227,Evan Anderson,16,M,347.0,Chennai,Pass
1228,Cindy Alexander,18,F,422.0,Delhi,Pass
1229,Wendy Nolan,16,F,290.0,Mumbai,Pass
1230,Abigail Burton,15,M,250.0,Mumbai,Pass
1231,Adam Simpson,18,F,252.0,Delhi,Pass
1232,Adam Villa,18,M,299.0022304832714,Kolkata,Pass
1233,Morgan Drake,16,F,308.0,Kolkata,Pass
1234,Caleb Perez,18,F,242.0,Kolkata,Pass
1235,Jennifer Wagner,17,M,328.0,Chennai,Pass
1236,Laura Lara,13,F,299.0,Bangalore,Pass
1237,Jonathan Kirby,16,F,345.0,Bangalore,Pass
1238,Regina Page,14,M,299.0022304832714,Bangalore,Pass
1239,Linda Phillips,14,F,318.0,Mumbai,Pass
1240,Tiffany Gardner,13,F,425.0,Bangalore,Pass
1241,Erin Edwards,14,M,299.0022304832714,Chennai,Pass
1242,Amy Bradley,14,F,394.0,Delhi,Pass
1243,Amy Perkins MD,18,M,440.0,Mumbai,Pass
1244,Anthony Bautista,13,M,410.0,Kolkata,Pass
1245,Jacob Johnson,15,F,372.0,Kolkata,Pass
1246,Tonya Dalton,15,M,364.0,Mumbai,Pass
1247,Leslie Rhodes,15,F,287.0,Chennai,Pass
1248,Angela Johnson,16,M,299.0022304832714,Kolkata,Pass
1249,Frederick Carey,18,F,278.0,Chennai,Pass
1250,Angela Henderson,15,M,290.0,Delhi,Pass
1251,Frederick Huynh,16,F,308.0,Delhi,Pass
1252,Christina Rodriguez,16,F,304.0,Kolkata,Pass
1253,Ricardo Bradley,16,M,263.0,Mumbai,Pass
1254,Sarah Ballard,16,F,281.0,Chennai,Pass
1255,Mark Chavez,15,M,191.0,Kolkata,Fail
1256,Christopher Moore,17,M,243.0,Delhi,Pass
1257,Justin Young,18,M,279.0,Delhi,Pass
1258,Jessica Boyd,13,F,333.0,Kolkata,Pass
1259,Eric Key,15,M,315.0,Mumbai,Pass
1260,Philip Gonzalez,17,F,299.0022304832714,Kolkata,Pass
1261,Lisa Schroeder,18,F,235.0,Mumbai,Pass
1262,Denise Bennett,16,F,347.0,Chennai,Pass
1263,Melissa Alvarez,18,M,421.0,Kolkata,Pass
1264,Dr. Dalton Newman,15,M,243.0,Bangalore,Pass
1265,Brent Cantu,16,M,338.0,Delhi,Pass
1266,Antonio Brown,13,F,300.0,Delhi,Pass
1267,Andrea Grant,17,M,330.0,Bangalore,Pass
1268,Richard Smith,17,M,274.0,Kolkata,Pass
1269,Kelly Glass,16,M,371.0,Delhi,Pass
1270,Christopher Fowler,18,F,270.0,Mumbai,Pass
1271,Greg Fields,17,M,235.0,Bangalore,Pass
1272,Charles Greene,17,M,299.0022304832714,Delhi,Pass
1273,Kimberly Casey,14,M,255.0,Delhi,Pass
1274,Veronica Morgan,13,M,367.0,Bangalore,Pass
1275,Carolyn Garcia,15,F,299.0022304832714,Chennai,Pass
1276,Mary Clark,14,F,242.0,Delhi,Pass
1277,Scott Woods,16,F,286.0,Mumbai,Pass
1278,Danielle Buchanan,13,M,299.0022304832714,Delhi,Pass
1279,Benjamin Barnes,14,F,208.0,Kolkata,Pass
1280,Larry West,13,M,245.0,Mumbai,Pass
1281,Matthew Brown,16,M,307.0,Delhi,Pass
1282,Ian Adams,14,M,347.0,Bangalore,Pass
1283,Jerry Rodriguez,13,M,146.0,Kolkata,Fail
1284,Thomas Robinson,14,F,325.0,Kolkata,Pass
1285,Becky Moyer,15,M,280.0,Mumbai,Pass
1286,Mitchell Arnold,13,M,407.0,Chennai,Pass
1287,Miranda Brown,16,F,233.0,Mumbai,Pass
1288,John Hall,16,M,240.0,Kolkata,Pass
1289,Kaitlyn Fisher,14,F,315.0,Mumbai,Pass
1290,Laura Ibarra,17,F,299.0022304832714,Mumbai,Pass
1291,Gerald Haynes,14,M,201.0,Delhi,Pass
1292,Michael Cole,13,M,254.0,Kolkata,Pass
1293,Stephanie Morales,13,F,385.0,Kolkata,Pass
1294,Robert Boyd,13,M,334.0,Kolkata,Pass
1295,Brenda Sampson,15,M,352.0,Mumbai,Pass
1296,Charles Guerrero,18,M,300.0,Delhi,Pass
1297,Maria Cross,13,F,230.0,Delhi,Pass
1298,Bradley Golden,15,F,227.0,Kolkata,Pass
1299,Jonathan Nguyen,16,M,216.0,Bangalore,Pass
1300,John Ellis,15,M,270.0,Chennai,Pass
1301,Michael Woods,13,M,312.0,Bangalore,Pass
1302,Michael Reyes,17,F,348.0,Delhi,Pass
1303,Victor Marquez,18,M,263.0,Chennai,Pass
1304,Brandon Ramirez,18,F,237.0,Kolkata,Pass
1305,Miss Sarah Howard MD,14,F,349.0,Mumbai,Pass
1306,Jessica Hayes,15,F,343.0,Kolkata,Pass
1307,William Cole,14,M,299.0022304832714,Mumbai,Pass
1308,Christina Francis,14,M,294.0,Mumbai,Pass
1309,Seth Franco,18,F,271.0,Delhi,Pass
1310,John Kennedy,17,F,299.0022304832714,Mumbai,Pass
1311,Linda Olson,16,F,299.0022304832714,Kolkata,Pass
1312,James Jones,14,M,316.0,Kolkata,Pass
1313,Ralph Alexander,17,F,292.0,Mumbai,Pass
1314,Mr. Timothy Cisneros,18,F,391.0,Bangalore,Pass
1315,Julia Miles,13,F,377.0,Mumbai,Pass
1316,Julie Cooper,18,F,274.0,Bangalore,Pass
1317,Brian Conrad,13,M,299.0022304832714,Kolkata,Pass
1318,Bryan Garcia,18,M,193.0,Kolkata,Fail
1319,Amanda Knight,15,F,304.0,Mumbai,Pass
1320,Tara Rose,15,F,318.0,Kolkata,Pass
1321,Billy Lam,14,F,287.0,Chennai,Pass
1322,Anna Bailey,14,F,274.0,Kolkata,Pass
1323,Gabriela Smith,18,M,299.0022304832714,Bangalore,Pass
1324,Jason Chapman,15,M,335.0,Chennai,Pass
1325,Tiffany Robertson,18,F,356.0,Mumbai,Pass
1326,Eric Lester,16,F,362.0,Mumbai,Pass
1327,Jacqueline Foley,17,F,245.0,Mumbai,Pass
1328,Kim Howard,15,M,440.0,Chennai,Pass
1329,Kimberly Stout,15,F,303.0,Kolkata,Pass
1330,Jesse Jackson,15,M,197.0,Delhi,Fail
1331,Wesley Barr,14,M,340.0,Delhi,Pass
1332,Ashley Hernandez,17,F,309.0,Bangalore,Pass
1333,Robert Martinez,15,F,323.0,Kolkata,Pass
1334,Danny Jones,18,M,229.0,Bangalore,Pass
1335,Christopher Allen,13,F,441.0,Chennai,Pass
1336,Richard Morgan,16,F,47.0,Chennai,Fail
1337,Samantha Perez,13,F,333.0,Mumbai,Pass
1338,Krystal Dean,14,F,353.0,Delhi,Pass
1339,Gina Davis,15,F,267.0,Delhi,Pass
1340,Amber Allen,15,F,299.0022304832714,Mumbai,Pass
1341,Jennifer Lewis,16,F,270.0,Chennai,Pass
1342,Diane Smith,15,F,179.0,Bangalore,Fail
1343,Shawna Wilson,18,M,281.0,Chennai,Pass
1344,Jessica Sexton,17,F,279.0,Mumbai,Pass
1345,George Everett,16,M,400.0,Chennai,Pass
1346,Casey Hayes,13,M,294.0,Bangalore,Pass
1347,Christine Stone,15,F,317.0,Chennai,Pass
1348,Anne Gomez,18,M,336.0,Delhi,Pass
1349,Mark Martinez,18,M,153.0,Bangalore,Fail
1350,Kelly Arnold,18,M,309.0,Mumbai,Pass
1351,Lisa Smith,13,F,299.0022304832714,Delhi,Pass
1352,Ms. Ann Todd MD,14,F,222.0,Delhi,Pass
1353,Amber Finley,15,F,355.0,Delhi,Pass
1354,Jessica Peterson,18,M,175.0,Delhi,Fail
1355,Amber Graham,18,M,299.0022304832714,Kolkata,Pass
1356,Sophia Campbell,14,F,365.0,Bangalore,Pass
1357,Shelia Green DDS,14,F,246.0,Delhi,Pass
1358,Veronica Dillon,16,M,242.0,Mumbai,Pass
1359,Gene Woods,18,M,298.0,Chennai,Pass
1360,Donald Fuller,15,M,229.0,Mumbai,Pass
1361,Natasha Baker,17,M,252.0,Bangalore,Pass
1362,Jasmine Navarro,14,F,355.0,Mumbai,Pass
1363,Kimberly Morales,17,M,391.0,Chennai,Pass
1364,Bryan Vance,16,M,369.0,Mumbai,Pass
1365,Rodney Meyer,17,F,253.0,Delhi,Pass
1366,John Lewis,17,M,299.0022304832714,Delhi,Pass
1367,Katie Davis,16,M,283.0,Mumbai,Pass
1368,Amanda Long,15,F,310.0,Mumbai,Pass
1369,Madison Austin,17,F,188.0,Kolkata,Fail
1370,Brett King,17,M,244.0,Kolkata,Pass
1371,Jeffery Thompson,17,M,330.0,Kolkata,Pass
1372,Tyler Hill,18,F,335.0,Kolkata,Pass
1373,Richard Bruce,17,M,350.0,Bangalore,Pass
1374,Cheyenne Campos,15,F,299.0,Kolkata,Pass
1375,John Schneider,17,M,374.0,Delhi,Pass
1376,Tiffany Stanley,13,M,453.0,Bangalore,Pass
1377,Andrew Turner,15,M,449.0,Mumbai,Pass
1378,Tamara Vega,15,F,365.0,Mumbai,Pass
1379,Catherine May,17,F,303.0,Mumbai,Pass
1380,Leah Daniel,14,F,346.0,Mumbai,Pass
1381,Patricia Parker,17,M,239.0,Mumbai,Pass
1382,Lynn Parker,18,F,340.0,Kolkata,Pass
1383,Amanda Sosa,14,M,303.0,Bangalore,Pass
1384,Brittany Snyder,14,M,157.0,Mumbai,Fail
1385,Daniel Watson,16,M,416.0,Chennai,Pass
1386,William Nichols,17,F,201.0,Delhi,Pass
1387,Blake Chandler,18,F,352.0,Delhi,Pass
1388,Mark Castillo,15,M,381.0,Bangalore,Pass
1389,Dr. Eric Silva PhD,13,F,231.0,Bangalore,Pass
1390,William Williams,14,F,187.0,Kolkata,Fail
1391,Jeffrey Reid,18,M,290.0,Chennai,Pass
1392,Stephanie Jenkins,14,F,266.0,Bangalore,Pass
1393,Amy Perez,18,F,336.0,Kolkata,Pass
1394,Harold Warren,15,M,321.0,Chennai,Pass
1395,Robert Olson,17,M,299.0022304832714,Chennai,Pass
1396,Robert Cole,15,M,408.0,Mumbai,Pass
1397,Jerry Bennett,18,F,229.0,Chennai,Pass
1398,David Patel,18,M,264.0,Chennai,Pass
1399,Cathy Short,15,M,204.0,Chennai,Pass
1400,Juan Harris,16,M,305.0,Mumbai,Pass
1401,Ronald Lang,18,M,500.0,Chennai,Pass
1402,Courtney Ferguson,17,M,353.0,Kolkata,Pass
1403,Theresa Rodriguez,13,F,261.0,Delhi,Pass
1404,Dawn Hale,14,F,374.0,Kolkata,Pass
1405,Cheryl Romero,14,F,292.0,Mumbai,Pass
1406,Michaela Bradshaw,15,M,346.0,Bangalore,Pass
1407,Elizabeth Salazar MD,13,M,298.0,Kolkata,Pass
1408,Sarah Murillo,17,M,435.0,Delhi,Pass
1409,Jordan Robinson,13,M,276.0,Bangalore,Pass
1410,Melissa Williams,18,F,284.0,Chennai,Pass
1411,Michelle Martin,17,M,288.0,Mumbai,Pass
1412,Benjamin Taylor,13,F,167.0,Kolkata,Fail
1413,Elizabeth Carpenter,13,F,212.0,Kolkata,Pass
1414,Amanda Berry,16,M,299.0022304832714,Bangalore,Pass
1415,Erica Wagner,16,F,249.0,Mumbai,Pass
1416,Ronald Mercer,13,M,299.0022304832714,Mumbai,Pass
1417,Sandra Cole,15,F,253.0,Kolkata,Pass
1418,Amber Willis,13,M,314.0,Chennai,Pass
1419,David Jacobs,13,F,304.0,Bangalore,Pass
1420,Sydney Moss,14,F,187.0,Bangalore,Fail
1421,Jennifer Rodriguez,18,M,254.0,Kolkata,Pass
1422,Crystal Lee MD,17,M,416.0,Chennai,Pass
1423,Amanda Porter,17,F,299.0022304832714,Mumbai,Pass
1424,Lisa Braun,13,M,299.0022304832714,Bangalore,Pass
1425,Ms. Anna Harris,17,F,451.0,Delhi,Pass
1426,Rebecca Garcia,14,M,263.0,Delhi,Pass
1427,Nicole Lopez,15,F,299.0022304832714,Kolkata,Pass
1428,Jacob Hodges,15,F,299.0022304832714,Bangalore,Pass
1429,Carol Bailey,16,M,299.0022304832714,Chennai,Pass
1430,Jonathan Rodriguez,18,F,305.0,Bangalore,Pass
1431,Belinda Werner,13,F,433.0,Bangalore,Pass
1432,Theodore Sellers,16,M,400.0,Delhi,Pass
1433,Samantha Smith,13,M,299.0022304832714,Delhi,Pass
1434,Taylor Mcgee,16,M,299.0022304832714,Bangalore,Pass
1435,Dennis Cox,14,M,298.0,Delhi,Pass
1436,Stephanie Williams,16,M,486.0,Delhi,Pass
1437,Amy Walters,13,M,371.0,Delhi,Pass
1438,Ashley Hernandez,17,M,489.0,Chennai,Pass
1439,Curtis Castro,14,F,358.0,Bangalore,Pass
1440,Thomas Edwards,18,M,299.0022304832714,Kolkata,Pass
1441,Jared Marshall,15,F,194.0,Mumbai,Fail
1442,Marcus Fox,14,F,282.0,Bangalore,Pass
1443,Ricky Saunders,13,M,217.0,Delhi,Pass
1444,Scott Flynn,18,M,357.0,Kolkata,Pass
1445,Diana Rivas,16,M,332.0,Mumbai,Pass
1446,Hannah Kelly,13,F,309.0,Chennai,Pass
1447,Kyle Ortiz,18,M,205.0,Kolkata,Pass
1448,Patricia Hunter,15,M,469.0,Delhi,Pass
1449,Brian Pierce DDS,17,M,341.0,Chennai,Pass
1450,Angela Cobb,18,F,317.0,Mumbai,Pass
1451,Mr. Aaron Schultz,18,M,187.0,Delhi,Fail
1452,Brian Johnson,18,F,299.0022304832714,Delhi,Pass
1453,Joshua Webster,14,M,247.0,Mumbai,Pass
1454,Mathew Rivers,17,F,277.0,Delhi,Pass
1455,Jonathan Jones,17,F,397.0,Kolkata,Pass
1456,Scott Garcia,18,M,224.0,Bangalore,Pass
1457,Robert Christian,15,M,321.0,Delhi,Pass
1458,Thomas King,13,M,157.0,Bangalore,Fail
1459,Michelle Castro,13,M,226.0,Mumbai,Pass
1460,Troy Schultz,18,F,303.0,Delhi,Pass
1461,Lindsey Brown DVM,13,M,278.0,Delhi,Pass
1462,Autumn Stevenson,18,F,299.0022304832714,Chennai,Pass
1463,Johnny Miles,14,M,299.0022304832714,Delhi,Pass
1464,Dakota Hall,16,M,392.0,Delhi,Pass
1465,Mark Mclaughlin,15,F,344.0,Bangalore,Pass
1466,Christine Davis,15,M,316.0,Delhi,Pass
1467,Laura Griffith,17,M,258.0,Bangalore,Pass
1468,Megan Adkins,16,M,437.0,Bangalore,Pass
1469,Katherine Smith DVM,16,M,245.0,Chennai,Pass
1470,Kelly Johnson,14,M,359.0,Bangalore,Pass
1471,Melissa Figueroa,18,F,266.0,Kolkata,Pass
1472,Ricky Curry,14,M,401.0,Delhi,Pass
1473,Nichole Morgan,15,M,217.0,Mumbai,Pass
1474,Kylie Goodman,18,F,275.0,Chennai,Pass
1475,Matthew Potter,15,M,319.0,Kolkata,Pass
1476,Anthony Jones,16,M,171.0,Delhi,Fail
1477,Rhonda Aguilar,13,F,276.0,Chennai,Pass
1478,Robert Richardson,14,F,304.0,Bangalore,Pass
1479,Jacqueline Ford,14,M,77.0,Delhi,Fail
1480,Selena Booth,15,F,299.0022304832714,Mumbai,Pass
1481,James Foster,13,M,264.0,Delhi,Pass
1482,Shannon Taylor,14,F,299.0022304832714,Kolkata,Pass
1483,Alyssa Underwood,15,F,403.0,Mumbai,Pass
1484,Alexis Riley,13,M,311.0,Delhi,Pass
1485,Keith Murphy,15,F,358.0,Mumbai,Pass
1486,Anthony Brown,17,M,285.0,Chennai,Pass
1487,Nicole Yang,13,M,299.0022304832714,Bangalore,Pass
1488,Rhonda Gordon,17,M,228.0,Chennai,Pass
1489,Steven Gallegos,14,F,220.0,Mumbai,Pass
1490,Joshua Vasquez,16,F,238.0,Mumbai,Pass
1491,Ricky Richards,15,F,299.0022304832714,Mumbai,Pass
1492,Kaitlyn Smith,15,M,362.0,Kolkata,Pass
1493,Catherine Kane,18,M,131.0,Kolkata,Fail
1494,Sarah Brooks,13,M,299.0022304832714,Delhi,Pass
1495,Jennifer Chapman,16,F,299.0022304832714,Delhi,Pass
1496,Maurice George,13,F,408.0,Delhi,Pass
1497,Samantha Duke,15,F,307.0,Mumbai,Pass
1498,James Powell,15,F,299.0022304832714,Kolkata,Pass
1499,Richard Johnson,14,M,327.0,Delhi,Pass
1500,Alicia Savage,14,F,366.0,Delhi,Pass
1501,Scott Austin,15,F,305.0,Kolkata,Pass
1502,Jacob Johnson,18,M,224.0,Chennai,Pass
1503,Danielle Henson,16,M,371.0,Bangalore,Pass
1504,Johnathan Frank,13,M,303.0,Mumbai,Pass
1505,Jay Castillo,14,F,290.0,Kolkata,Pass
1506,Nicole Miller,18,F,471.0,Bangalore,Pass
1507,Dylan Elliott,15,F,240.0,Delhi,Pass
1508,Rebecca Willis,18,M,254.0,Bangalore,Pass
1509,Alfred Murphy,14,F,285.0,Bangalore,Pass
1510,Brian Mercado,16,F,296.0,Delhi,Pass
1511,Megan Gonzalez,14,F,286.0,Kolkata,Pass
1512,Gloria Russell,13,M,162.0,Kolkata,Fail
1513,Johnathan Boyd,18,F,368.0,Mumbai,Pass
1514,William Gibson,15,M,376.0,Kolkata,Pass
1515,Joshua Rivers,15,F,355.0,Kolkata,Pass
1516,Alicia Stein,13,F,249.0,Mumbai,Pass
1517,Lauren Wright,13,F,329.0,Chennai,Pass
1518,Kristen Scott,17,M,243.0,Mumbai,Pass
1519,Veronica Mack,18,M,297.0,Mumbai,Pass
1520,Eric Mosley,16,M,246.0,Delhi,Pass
1521,Amanda Andrews,14,F,330.0,Delhi,Pass
1522,Mark Phillips,16,M,251.0,Delhi,Pass
1523,David Anderson,15,F,299.0022304832714,Kolkata,Pass
1524,Andrew Hall,14,M,251.0,Mumbai,Pass
1525,Jeanne Carter,17,F,313.0,Chennai,Pass
1526,Madeline Baker,17,F,234.0,Delhi,Pass
1527,Wendy Fuller,13,M,488.0,Kolkata,Pass
1528,Matthew Brown,18,F,380.0,Kolkata,Pass
1529,Bruce Elliott,15,F,403.0,Chennai,Pass
1530,Heather Stevens,18,M,418.0,Chennai,Pass
1531,Michael Gardner,18,M,150.0,Mumbai,Fail
1532,Neil Castillo,17,M,344.0,Delhi,Pass
1533,Katelyn Harvey,15,F,346.0,Delhi,Pass
1534,Malik Allen,16,M,305.0,Mumbai,Pass
1535,David Mcintyre,14,M,229.0,Chennai,Pass
1536,Frank Arnold,16,F,162.0,Kolkata,Fail
1537,Scott Pittman,16,M,288.0,Mumbai,Pass
1538,Abigail Mcbride,15,F,280.0,Chennai,Pass
1539,Ashley Powell,17,F,327.0,Kolkata,Pass
1540,David Contreras,17,F,257.0,Chennai,Pass
1541,Michael Smith,17,M,236.0,Chennai,Pass
1542,Mindy Jones,13,M,319.0,Chennai,Pass
1543,Michelle Spence,16,F,308.0,Bangalore,Pass
1544,Mrs. Teresa Perkins,16,M,299.0022304832714,Bangalore,Pass
1545,Theresa Duncan,17,F,252.0,Mumbai,Pass
1546,Noah Brown II,17,F,364.0,Chennai,Pass
1547,Rachel Murray,16,M,323.0,Chennai,Pass
1548,Lindsey Thomas,16,M,243.0,Delhi,Pass
1549,Katrina Miller,14,M,365.0,Delhi,Pass
1550,Katie Peters,17,F,397.0,Delhi,Pass
1551,Jessica Small,14,M,280.0,Chennai,Pass
1552,Katherine Jensen,13,M,411.0,Mumbai,Pass
1553,Linda Long,14,M,341.0,Bangalore,Pass
1554,Brandi Wilson,15,F,327.0,Bangalore,Pass
1555,Jennifer Young,15,M,299.0022304832714,Bangalore,Pass
1556,Erik Oneal,13,M,428.0,Chennai,Pass
1557,Jeremy Jones,18,M,390.0,Mumbai,Pass
1558,Joyce Brown,14,M,348.0,Chennai,Pass
1559,Monica Jones,14,M,340.0,Kolkata,Pass
1560,Terri Stewart,15,F,331.0,Delhi,Pass
1561,Edwin Thomas,16,F,299.0022304832714,Bangalore,Pass
1562,Kelly Nichols,14,F,289.0,Mumbai,Pass
1563,Rachel Michael,17,F,364.0,Kolkata,Pass
1564,Shane Green,17,F,357.0,Delhi,Pass
1565,Chelsea Harrington,18,F,421.0,Chennai,Pass
1566,Edgar Hunt,17,F,283.0,Delhi,Pass
1567,Jason Baker,15,F,287.0,Mumbai,Pass
1568,Keith Hunter,16,M,141.0,Kolkata,Fail
1569,Deborah Hurley,16,M,295.0,Mumbai,Pass
1570,Robert Fuller,18,F,254.0,Delhi,Pass
1571,Robert Molina,15,M,214.0,Chennai,Pass
1572,Jason Holden,18,F,299.0022304832714,Kolkata,Pass
1573,Rachel Harris,14,M,302.0,Delhi,Pass
1574,Michael Campbell,13,M,361.0,Mumbai,Pass
1575,Caitlyn Anderson,18,F,367.0,Bangalore,Pass
1576,Richard Johnson,14,F,371.0,Mumbai,Pass
1577,Sarah Adams,17,M,315.0,Delhi,Pass
1578,Claudia Wright,16,F,309.0,Chennai,Pass
1579,Shane Lloyd,14,F,198.0,Delhi,Fail
1580,Marisa Hatfield,14,F,329.0,Bangalore,Pass
1581,Erin Christensen,17,M,393.0,Bangalore,Pass
1582,Heather Blanchard,13,F,269.0,Delhi,Pass
1583,Shawn Kramer,18,F,240.0,Mumbai,Pass
1584,Donald Becker,16,M,173.0,Bangalore,Fail
1585,Brian Dickerson,17,M,397.0,Delhi,Pass
1586,Donna Snyder,15,F,299.0022304832714,Delhi,Pass
1587,Mary Munoz,17,F,190.0,Bangalore,Fail
1588,Andrew Wilson,18,M,161.0,Bangalore,Fail
1589,Timothy Solis,18,F,332.0,Mumbai,Pass
1590,Sarah Hardin,18,F,231.0,Kolkata,Pass
1591,Victoria Tran,16,M,239.0,Chennai,Pass
1592,Laura Thompson,15,F,271.0,Mumbai,Pass
1593,James Erickson,15,M,475.0,Mumbai,Pass
1594,Jessica Hernandez,17,M,173.0,Chennai,Fail
1595,Christina Allen,14,M,358.0,Delhi,Pass
1596,Michelle Garrett,18,M,143.0,Delhi,Fail
1597,Tracy Brown,16,F,216.0,Delhi,Pass
1598,Frank Lewis,16,M,348.0,Kolkata,Pass
1599,Jason Jones,15,F,323.0,Kolkata,Pass
1600,Catherine Walters,14,M,246.0,Delhi,Pass
1601,Alyssa Andrews,14,M,332.0,Kolkata,Pass
1602,Andrea Marks,16,M,299.0022304832714,Delhi,Pass
1603,Samuel Williams,14,M,244.0,Chennai,Pass
1604,Andrew Burke,15,M,145.0,Chennai,Fail
1605,Lisa Martinez,18,F,296.0,Mumbai,Pass
1606,Joseph Walsh,17,F,259.0,Chennai,Pass
1607,Jacqueline Cooper,13,M,359.0,Bangalore,Pass
1608,Stephanie Jones,16,F,299.0022304832714,Bangalore,Pass
1609,Ryan Hunter,14,F,199.0,Delhi,Fail
1610,Nancy Foster,15,F,308.0,Bangalore,Pass
1611,Ronnie Holden,13,F,299.0022304832714,Bangalore,Pass
1612,Sherry Smith,15,F,249.0,Bangalore,Pass
1613,Emily Parker,17,M,386.0,Bangalore,Pass
1614,Terry Downs,17,M,284.0,Kolkata,Pass
1615,Mrs. Teresa Harper,16,M,268.0,Mumbai,Pass
1616,Karen Snyder,16,F,321.0,Delhi,Pass
1617,Brandi Hernandez,15,M,325.0,Mumbai,Pass
1618,Wyatt Clark,14,F,316.0,Bangalore,Pass
1619,Troy Carter,15,M,338.0,Bangalore,Pass
1620,Marissa Gomez,16,M,197.0,Kolkata,Fail
1621,Teresa Byrd,15,F,382.0,Kolkata,Pass
1622,Donna Hughes,17,F,299.0022304832714,Mumbai,Pass
1623,Austin Brooks,16,F,360.0,Bangalore,Pass
1624,Jerry Cruz,17,M,390.0,Mumbai,Pass
1625,Jason Hart,16,M,363.0,Chennai,Pass
1626,Amy Kennedy,15,F,102.0,Kolkata,Fail
1627,Luis Malone,14,M,448.0,Mumbai,Pass
1628,Michael Johnson,16,F,352.0,Chennai,Pass
1629,Ivan Lin,13,F,355.0,Delhi,Pass
1630,Ms. Tina Park,17,F,212.0,Kolkata,Pass
1631,Kathryn Wolf,17,M,288.0,Bangalore,Pass
1632,Andrew Nielsen,18,M,179.0,Mumbai,Fail
1633,Sydney Coleman,17,M,264.0,Kolkata,Pass
1634,Kristin Bell,16,M,285.0,Mumbai,Pass
1635,Spencer Huerta,16,F,457.0,Mumbai,Pass
1636,William Brown,14,M,263.0,Kolkata,Pass
1637,Elizabeth Mccarty,13,F,299.0022304832714,Delhi,Pass
1638,Donna Christian,18,F,266.0,Bangalore,Pass
1639,Keith Davis,18,M,362.0,Delhi,Pass
1640,Barbara Lopez,18,M,310.0,Bangalore,Pass
1641,Kevin Castro,18,F,392.0,Mumbai,Pass
1642,Ellen Bonilla,15,F,272.0,Kolkata,Pass
1643,James Martin,14,M,324.0,Bangalore,Pass
1644,Margaret Martin,17,M,395.0,Mumbai,Pass
1645,Brooke Paul,14,M,291.0,Mumbai,Pass
1646,Christian Franklin,14,M,393.0,Delhi,Pass
1647,George Montes,15,M,309.0,Chennai,Pass
1648,Kathryn Burton,17,M,327.0,Bangalore,Pass
1649,Samantha Fischer,14,F,254.0,Delhi,Pass
1650,Amy Ramirez,18,M,426.0,Delhi,Pass
1651,Andrew Harper,17,M,345.0,Mumbai,Pass
1652,Mariah Avila,15,F,389.0,Delhi,Pass
1653,Paul Jordan,16,M,358.0,Bangalore,Pass
1654,Ashley Fleming,18,M,226.0,Delhi,Pass
1655,Brent Mckay,13,F,299.0022304832714,Chennai,Pass
1656,Jason Garrett,14,M,313.0,Bangalore,Pass
1657,Kristine Potts,14,F,348.0,Kolkata,Pass
1658,Dominique Schaefer,13,F,307.0,Delhi,Pass
1659,Anna Hendricks,13,F,328.0,Delhi,Pass
1660,Christopher Zamora,16,F,287.0,Chennai,Pass
1661,Makayla Murray,14,M,206.0,Delhi,Pass
1662,Jennifer Smith,14,F,292.0,Bangalore,Pass
1663,Darrell Brown,14,F,192.0,Mumbai,Fail
1664,Brandon Tanner,13,F,223.0,Bangalore,Pass
1665,Ronald Dougherty,18,F,258.0,Bangalore,Pass
1666,Jerry Weaver,17,F,302.0,Bangalore,Pass
1667,Betty Robinson,13,F,322.0,Kolkata,Pass
1668,Sean Ford,15,F,308.0,Mumbai,Pass
1669,Jacqueline Morgan,15,F,317.0,Delhi,Pass
1670,Stephen Horne,14,M,221.0,Mumbai,Pass
1671,Jennifer Wilson,18,F,315.0,Bangalore,Pass
1672,Jose Jones,13,F,306.0,Bangalore,Pass
1673,Dr. Justin Church,13,M,189.0,Chennai,Fail
1674,Gabrielle Carter,13,F,365.0,Kolkata,Pass
1675,Troy Moore,13,M,241.0,Bangalore,Pass
1676,Joshua Thomas,13,M,373.0,Kolkata,Pass
1677,Sara Lopez,15,F,277.0,Delhi,Pass
1678,Jesse Anderson,15,F,285.0,Mumbai,Pass
1679,Regina Whitaker,14,F,244.0,Delhi,Pass
1680,Ryan Obrien,17,M,299.0022304832714,Mumbai,Pass
1681,Edwin Jones,17,F,266.0,Mumbai,Pass
1682,Stephanie Garner,15,F,200.0,Kolkata,Pass
1683,Michael Morgan,13,M,276.0,Kolkata,Pass
1684,Tracy Barker,17,F,298.0,Kolkata,Pass
1685,Luke Jones,14,M,311.0,Bangalore,Pass
1686,Michael Ryan,14,F,300.0,Kolkata,Pass
1687,Justin Taylor,15,M,297.0,Kolkata,Pass
1688,Suzanne Hall,18,M,245.0,Kolkata,Pass
1689,Christopher Hudson,13,F,336.0,Chennai,Pass
1690,William Johnson,16,F,282.0,Mumbai,Pass
1691,Debra Mills,13,F,228.0,Kolkata,Pass
1692,Eric Simmons,14,M,202.0,Bangalore,Pass
1693,Lauren Mccoy,16,M,254.0,Kolkata,Pass
1694,Joshua Hamilton,16,M,324.0,Bangalore,Pass
1695,Ashley Green,18,M,299.0022304832714,Kolkata,Pass
1696,Melissa Chang,13,M,256.0,Kolkata,Pass
1697,Randall Carroll,18,M,304.0,Mumbai,Pass
1698,Chad Walsh,16,M,139.0,Chennai,Fail
1699,Joseph Faulkner,17,F,265.0,Mumbai,Pass
1700,Amanda Hayes,13,M,376.0,Kolkata,Pass
1701,Ethan Carlson,14,F,244.0,Kolkata,Pass
1702,Kimberly Lowe,13,F,341.0,Delhi,Pass
1703,Corey Tran,14,F,319.0,Delhi,Pass
1704,Gerald Schultz,15,F,279.0,Chennai,Pass
1705,Amy Garcia,15,M,266.0,Mumbai,Pass
1706,Tim Murphy,18,F,215.0,Chennai,Pass
1707,Sheryl Holmes,15,M,299.0022304832714,Mumbai,Pass
1708,Tara Gonzalez,16,F,192.0,Bangalore,Fail
1709,David Thomas,16,M,187.0,Kolkata,Fail
1710,Dakota Barker,16,M,252.0,Mumbai,Pass
1711,Jeffrey Craig,16,F,271.0,Delhi,Pass
1712,Christopher Butler,14,F,136.0,Bangalore,Fail
1713,Kristi Douglas,13,M,299.0022304832714,Kolkata,Pass
1714,Matthew Walsh,15,M,446.0,Kolkata,Pass
1715,Pamela Smith,16,F,292.0,Kolkata,Pass
1716,Shelia Palmer,18,M,299.0022304832714,Mumbai,Pass
1717,Angel Kirk,18,F,258.0,Delhi,Pass
1718,Kathryn Dillon,15,M,230.0,Mumbai,Pass
1719,James Barnes,17,F,366.0,Kolkata,Pass
1720,Bruce Francis,16,M,218.0,Kolkata,Pass
1721,Nathaniel Stevens,17,M,224.0,Bangalore,Pass
1722,Taylor Wilson,15,M,438.0,Mumbai,Pass
1723,Jamie Andrews,13,M,265.0,Kolkata,Pass
1724,Natalie Murphy,18,M,326.0,Delhi,Pass
1725,Shirley Gonzalez,17,F,291.0,Kolkata,Pass
1726,Grace Daniels,17,F,365.0,Delhi,Pass
1727,Douglas Tucker,16,M,337.0,Chennai,Pass
1728,Shawn Day,17,M,344.0,Kolkata,Pass
1729,Heather Hernandez,18,M,305.0,Mumbai,Pass
1730,Kevin Huff,13,F,312.0,Chennai,Pass
1731,Alicia Gonzales,18,M,325.0,Bangalore,Pass
1732,Christina Chan,18,M,364.0,Chennai,Pass
1733,Angela Joyce,13,M,315.0,Kolkata,Pass
1734,Maria Little,15,M,369.0,Bangalore,Pass
1735,Matthew Williamson,13,F,144.0,Kolkata,Fail
1736,Madison Donovan,14,M,257.0,Bangalore,Pass
1737,Elizabeth Norris,15,F,299.0022304832714,Delhi,Pass
1738,Kiara Eaton,14,M,263.0,Chennai,Pass
1739,Dennis Schneider,14,F,135.0,Chennai,Fail
1740,Jeffrey Lowe,17,F,257.0,Kolkata,Pass
1741,Rachel Willis,16,M,277.0,Mumbai,Pass
1742,Joshua Smith,18,M,299.0022304832714,Kolkata,Pass
1743,Matthew Smith,15,F,228.0,Kolkata,Pass
1744,Linda Grimes,18,F,286.0,Mumbai,Pass
1745,Isabella Moore,18,F,300.0,Delhi,Pass
1746,Jeremiah Yu,14,M,299.0022304832714,Mumbai,Pass
1747,Emily Coleman,16,M,417.0,Mumbai,Pass
1748,Denise Barnes,13,M,273.0,Bangalore,Pass
1749,Molly Collins,13,M,265.0,Kolkata,Pass
1750,Mrs. Lori Goodwin,14,F,297.0,Bangalore,Pass
1751,Patrick Ware,16,F,185.0,Delhi,Fail
1752,Kelli Griffith,16,M,325.0,Delhi,Pass
1753,Michelle Sullivan,16,M,227.0,Delhi,Pass
1754,Todd Melendez,16,M,224.0,Delhi,Pass
1755,Stephanie Sanders,15,M,299.0022304832714,Kolkata,Pass
1756,Patricia Hernandez,17,F,213.0,Delhi,Pass
1757,Wesley Ramirez,14,F,428.0,Delhi,Pass
1758,Jennifer Wilkerson,15,F,333.0,Chennai,Pass
1759,Patricia Gallagher,13,F,361.0,Chennai,Pass
1760,Jaime King,14,M,273.0,Delhi,Pass
1761,Glenda Gilbert,18,M,205.0,Kolkata,Pass
1762,Christopher Gomez,16,M,221.0,Bangalore,Pass
1763,Lisa Young,16,F,299.0022304832714,Mumbai,Pass
1764,Kevin Barron,14,F,340.0,Delhi,Pass
1765,Jeffrey Brown,18,F,361.0,Bangalore,Pass
1766,Christina Glenn,15,F,316.0,Bangalore,Pass
1767,Daniel Lee,14,M,349.0,Delhi,Pass
1768,Jeffrey Vargas,14,M,220.0,Chennai,Pass
1769,Clayton Robertson,15,F,258.0,Chennai,Pass
1770,Jeremy Garza,13,F,262.0,Chennai,Pass
1771,Sean Williams,18,M,270.0,Bangalore,Pass
1772,Christopher Cook,14,F,466.0,Delhi,Pass
1773,Anna Edwards,13,M,131.0,Kolkata,Fail
1774,David Reyes,16,M,302.0,Delhi,Pass
1775,Sarah Pena,15,M,266.0,Kolkata,Pass
1776,Lance Byrd,13,F,267.0,Chennai,Pass
1777,Abigail Clark,14,M,365.0,Chennai,Pass
1778,Eric Hart,14,M,397.0,Mumbai,Pass
1779,Mathew Lee,14,M,273.0,Chennai,Pass
1780,Mr. Jeffrey Banks PhD,15,F,336.0,Chennai,Pass
1781,Kenneth Vargas,15,M,244.0,Bangalore,Pass
1782,Amy Evans,14,M,229.0,Chennai,Pass
1783,Evan Romero,17,M,299.0022304832714,Bangalore,Pass
1784,Christopher Marsh,18,F,224.0,Mumbai,Pass
1785,Tina Nolan,13,M,319.0,Delhi,Pass
1786,Benjamin Knapp,14,F,268.0,Chennai,Pass
1787,Stephanie Golden,17,F,354.0,Mumbai,Pass
1788,Danielle Harmon,13,M,345.0,Kolkata,Pass
1789,Belinda Grimes,14,F,193.0,Kolkata,Fail
1790,Tiffany Evans,14,M,386.0,Mumbai,Pass
1791,Ryan Hubbard,18,F,353.0,Delhi,Pass
1792,Brenda Stevens,16,M,273.0,Delhi,Pass
1793,Alejandro Anderson,15,M,299.0022304832714,Chennai,Pass
1794,Dr. Emily Reed,16,F,384.0,Kolkata,Pass
1795,Angela Glover,17,M,251.0,Bangalore,Pass
1796,Allison Rodriguez,13,F,266.0,Delhi,Pass
1797,Juan Price,14,F,324.0,Chennai,Pass
1798,Jennifer Gross,18,F,283.0,Delhi,Pass
1799,Brett Robbins,18,F,299.0022304832714,Mumbai,Pass
1800,Phillip Price,15,F,206.0,Delhi,Pass
1801,Robert Valentine,13,M,273.0,Mumbai,Pass
1802,Catherine Harris,18,F,314.0,Bangalore,Pass
1803,George Gould,16,M,238.0,Mumbai,Pass
1804,Corey Ray,13,F,339.0,Delhi,Pass
1805,John Nguyen,16,M,294.0,Mumbai,Pass
1806,Kyle Jackson,15,F,112.0,Mumbai,Fail
1807,Patricia Stewart,14,M,397.0,Kolkata,Pass
1808,Trevor Hunter,14,F,358.0,Bangalore,Pass
1809,Sharon Williams,18,F,381.0,Chennai,Pass
1810,Kelly Green,17,M,287.0,Delhi,Pass
1811,Patricia Hall,14,M,272.0,Mumbai,Pass
1812,Dennis Buck,15,M,299.0022304832714,Kolkata,Pass
1813,Chloe Gilbert,16,M,449.0,Chennai,Pass
1814,Mr. John Curtis,16,M,265.0,Delhi,Pass
1815,Melissa Gilmore,15,F,209.0,Kolkata,Pass
1816,Patricia Price,16,F,220.0,Chennai,Pass
1817,Lauren Aguilar,14,M,270.0,Bangalore,Pass
1818,Rose Lambert,16,F,299.0022304832714,Delhi,Pass
1819,Tara Osborne,14,M,299.0022304832714,Mumbai,Pass
1820,Chad Keller,16,M,286.0,Bangalore,Pass
1821,Christina Walker,16,M,292.0,Bangalore,Pass
1822,Bryan Jackson,16,F,279.0,Bangalore,Pass
1823,Brittany Bass,15,M,367.0,Kolkata,Pass
1824,Jason Fritz,17,F,299.0022304832714,Chennai,Pass
1825,Aaron Carter,16,F,418.0,Delhi,Pass
1826,Sherry Miller,18,M,221.0,Delhi,Pass
1827,Dawn Green,13,M,472.0,Mumbai,Pass
1828,Brett Perez,13,M,222.0,Chennai,Pass
1829,Matthew Hunter,17,F,344.0,Bangalore,Pass
1830,Alice Robinson,13,F,320.0,Mumbai,Pass
1831,Jason Meza,14,F,196.0,Kolkata,Fail
1832,David Nelson,14,M,301.0,Bangalore,Pass
1833,David Walker,13,F,376.0,Kolkata,Pass
1834,Rebecca Lewis,16,M,275.0,Bangalore,Pass
1835,John Parks,16,M,367.0,Chennai,Pass
1836,Scott Martin,18,M,163.0,Kolkata,Fail
1837,Amanda Dominguez,17,F,252.0,Delhi,Pass
1838,Joseph Thompson,15,F,335.0,Bangalore,Pass
1839,Brandy Martinez,16,F,288.0,Bangalore,Pass
1840,Walter Mueller,17,F,446.0,Kolkata,Pass
1841,Nathan Mueller,15,F,253.0,Mumbai,Pass
1842,Andrew Johnson,16,F,234.0,Kolkata,Pass
1843,Derek Haas,13,F,296.0,Chennai,Pass
1844,Andrea Hughes,14,F,271.0,Mumbai,Pass
1845,Darrell Williams,13,M,234.0,Delhi,Pass
1846,Victor Diaz,13,M,239.0,Kolkata,Pass
1847,Christine Mitchell,15,F,303.0,Chennai,Pass
1848,Andrea Romero,14,F,254.0,Kolkata,Pass
1849,Autumn Johnson,17,F,211.0,Chennai,Pass
1850,Wanda Smith,15,F,243.0,Mumbai,Pass
1851,Taylor Thompson,13,M,308.0,Chennai,Pass
1852,Kim Turner,13,F,358.0,Chennai,Pass
1853,Gary Brown,16,M,299.0022304832714,Mumbai,Pass
1854,Mary Martinez,16,F,242.0,Delhi,Pass
1855,Dennis Moyer,16,M,405.0,Delhi,Pass
1856,Nicole Liu,16,M,369.0,Kolkata,Pass
1857,Erica Oneill,17,M,413.0,Kolkata,Pass
1858,Roger Nichols,17,M,372.0,Kolkata,Pass
1859,Jacqueline Lee,15,F,269.0,Chennai,Pass
1860,Michael Evans,16,F,320.0,Mumbai,Pass
1861,Robert Jimenez,13,M,394.0,Delhi,Pass
1862,Andres Russell,14,F,299.0022304832714,Mumbai,Pass
1863,Randy Owens,15,F,258.0,Delhi,Pass
1864,Dominique Graham,18,F,291.0,Bangalore,Pass
1865,Robert Cook,14,M,299.0022304832714,Kolkata,Pass
1866,Joshua Evans,16,F,383.0,Delhi,Pass
1867,Christina Mendez,13,F,166.0,Mumbai,Fail
1868,Henry Evans,18,M,355.0,Chennai,Pass
1869,Katherine Bowman,13,M,246.0,Delhi,Pass
1870,Amy Johnson,14,M,279.0,Mumbai,Pass
1871,Miss Stephanie Schneider DVM,14,F,246.0,Bangalore,Pass
1872,Paul Garcia,17,M,303.0,Chennai,Pass
1873,Michelle Hart,18,M,249.0,Kolkata,Pass
1874,Michael Thompson,18,M,291.0,Kolkata,Pass
1875,Rebecca Anderson,18,F,299.0022304832714,Chennai,Pass
1876,Scott Carpenter,18,M,301.0,Kolkata,Pass
1877,Angelica Herrera,18,F,320.0,Chennai,Pass
1878,Travis Schneider,16,F,429.0,Bangalore,Pass
1879,Leonard Spears,18,F,265.0,Chennai,Pass
1880,Laura Mooney,15,M,383.0,Kolkata,Pass
1881,Brian Edwards,18,M,320.0,Chennai,Pass
1882,Terri Chung,18,F,317.0,Mumbai,Pass
1883,Brenda House,13,F,432.0,Bangalore,Pass
1884,Brian Cervantes,17,F,304.0,Bangalore,Pass
1885,Melissa Smith,14,M,275.0,Delhi,Pass
1886,Miguel Flores,16,F,300.0,Delhi,Pass
1887,Michelle Sloan,17,M,335.0,Delhi,Pass
1888,Corey Taylor,15,F,368.0,Mumbai,Pass
1889,Brandon Parker,17,M,299.0022304832714,Delhi,Pass
1890,Kim Martinez,15,M,243.0,Chennai,Pass
1891,Brittany Crawford,13,F,479.0,Chennai,Pass
1892,Deborah Perez,16,M,270.0,Delhi,Pass
1893,Molly Luna,14,F,314.0,Kolkata,Pass
1894,Joseph Williams,17,M,283.0,Kolkata,Pass
1895,Michael Garcia,16,F,257.0,Chennai,Pass
1896,Michael Marquez,17,M,304.0,Kolkata,Pass
1897,Adam Carter,13,F,404.0,Mumbai,Pass
1898,Desiree Randall,17,F,371.0,Chennai,Pass
1899,Mr. Michael Jones,18,M,258.0,Bangalore,Pass
1900,Nicholas Davidson,17,F,295.0,Chennai,Pass
1901,Rachel Diaz,18,F,294.0,Bangalore,Pass
1902,Stephen Braun,14,M,241.0,Delhi,Pass
1903,Julia Walker,18,M,399.0,Kolkata,Pass
1904,Isaiah Jackson,14,F,302.0,Delhi,Pass
1905,Teresa White,15,M,299.0022304832714,Delhi,Pass
1906,Jordan Pearson,15,F,208.0,Bangalore,Pass
1907,John Reese,18,F,188.0,Kolkata,Fail
1908,Lisa Stanton,18,F,272.0,Bangalore,Pass
1909,Timothy Livingston,18,M,394.0,Mumbai,Pass
1910,Sarah Powell,14,F,267.0,Bangalore,Pass
1911,Elizabeth Wise,13,F,319.0,Chennai,Pass
1912,Amy Miller,13,M,375.0,Kolkata,Pass
1913,Gabrielle Davis,18,F,273.0,Delhi,Pass
1914,David Wong,14,F,376.0,Bangalore,Pass
1915,John Howard,14,F,304.0,Chennai,Pass
1916,Spencer Rivera,18,M,349.0,Delhi,Pass
1917,Gilbert Richardson,17,M,408.0,Kolkata,Pass
1918,Danny Walker,18,F,386.0,Bangalore,Pass
1919,Marie Dean,17,F,272.0,Delhi,Pass
1920,Ms. Emma Conley,16,M,262.0,Chennai,Pass
1921,Christina Contreras,15,F,382.0,Bangalore,Pass
1922,Terri Davis,17,F,314.0,Bangalore,Pass
1923,Kimberly Fowler,14,F,235.0,Kolkata,Pass
1924,Erica Tran,17,F,159.0,Kolkata,Fail
1925,Kathy Dean,14,F,299.0022304832714,Mumbai,Pass
1926,Christopher Garcia,18,M,287.0,Chennai,Pass
1927,Amy Taylor,16,M,299.0022304832714,Mumbai,Pass
1928,Ryan Crosby,15,F,408.0,Mumbai,Pass
1929,Samuel Perry,13,F,247.0,Delhi,Pass
1930,Darrell Duran,17,F,288.0,Chennai,Pass
1931,Cindy Jenkins,17,M,299.0022304832714,Delhi,Pass
1932,Jessica Reed,17,M,314.0,Kolkata,Pass
1933,Lisa Wilkins,15,F,366.0,Delhi,Pass
1934,Mandy Hendricks,14,F,262.0,Delhi,Pass
1935,Robin Martinez,13,F,126.0,Delhi,Fail
1936,John Anderson,16,M,238.0,Kolkata,Pass
1937,Michael Holmes II,18,F,252.0,Bangalore,Pass
1938,Teresa Mullins,16,F,342.0,Mumbai,Pass
1939,Courtney Harper,15,M,225.0,Mumbai,Pass
1940,Christopher Miller,17,F,258.0,Bangalore,Pass
1941,Spencer David,16,M,274.0,Mumbai,Pass
1942,Adrian Davis,15,M,294.0,Bangalore,Pass
1943,Lindsey Schaefer,17,F,240.0,Mumbai,Pass
1944,Dennis Clements,14,F,404.0,Bangalore,Pass
1945,Cole Smith,18,M,168.0,Mumbai,Fail
1946,Sara Gray,17,F,342.0,Bangalore,Pass
1947,Robert Farley Jr.,18,M,417.0,Mumbai,Pass
1948,Melissa Mueller,16,F,422.0,Kolkata,Pass
1949,Hannah Cruz,14,F,393.0,Mumbai,Pass
1950,Tracy Barnett,15,M,232.0,Mumbai,Pass
1951,Cheryl Hughes,16,M,247.0,Mumbai,Pass
1952,Jill Lester,14,M,254.0,Delhi,Pass
1953,Timothy Pham,15,M,330.0,Delhi,Pass
1954,James Myers,18,F,422.0,Kolkata,Pass
1955,Crystal Hale,15,M,382.0,Chennai,Pass
1956,William Jones,18,F,305.0,Bangalore,Pass
1957,Robert Martinez,17,M,327.0,Delhi,Pass
1958,Andrew Gallagher MD,17,F,347.0,Chennai,Pass
1959,Lori Perez,14,M,350.0,Kolkata,Pass
1960,Lisa Lutz,18,F,272.0,Mumbai,Pass
1961,Dr. Brandi Gomez,18,M,275.0,Delhi,Pass
1962,Victoria Smith,18,F,303.0,Chennai,Pass
1963,Jonathan Clark,13,M,263.0,Kolkata,Pass
1964,Brandon Brown,16,F,447.0,Mumbai,Pass
1965,James Ford,16,F,244.0,Kolkata,Pass
1966,Patricia Swanson,16,F,173.0,Kolkata,Fail
1967,Lisa Cooper,16,M,277.0,Bangalore,Pass
1968,Tammy Johnson,17,M,379.0,Kolkata,Pass
1969,Connie Murphy,13,F,379.0,Bangalore,Pass
1970,Thomas Lee,18,M,347.0,Kolkata,Pass
1971,David Harrison,17,F,265.0,Bangalore,Pass
1972,Christina Baldwin,17,F,266.0,Kolkata,Pass
1973,Christopher Mcintyre MD,18,F,204.0,Chennai,Pass
1974,Clinton Patel MD,16,F,194.0,Bangalore,Fail
1975,Richard Powell,15,M,271.0,Mumbai,Pass
1976,Brian Smith,16,F,271.0,Delhi,Pass
1977,Matthew Wilson,16,M,224.0,Bangalore,Pass
1978,Omar Ewing,18,F,279.0,Mumbai,Pass
1979,Deborah Jones,15,M,242.0,Delhi,Pass
1980,Patricia Gilbert,18,M,279.0,Mumbai,Pass
1981,Crystal Rodriguez,15,F,368.0,Bangalore,Pass
1982,Jessica Wilkinson,16,F,305.0,Mumbai,Pass
1983,Sean Guerrero,14,F,335.0,Kolkata,Pass
1984,Juan Sanders,18,M,183.0,Delhi,Fail
1985,Kelsey Maldonado,14,F,252.0,Mumbai,Pass
1986,Tasha White,14,F,299.0022304832714,Mumbai,Pass
1987,Michael Stevens MD,16,M,299.0022304832714,Chennai,Pass
1988,Dominique Walker,17,M,380.0,Kolkata,Pass
1989,George Brown,13,F,419.0,Chennai,Pass
1990,John White,16,F,219.0,Mumbai,Pass
1991,Mrs. Heather Allison MD,14,F,300.0,Delhi,Pass
1992,Robert Dudley,15,M,391.0,Chennai,Pass
1993,Jeremy Kent,18,M,315.0,Bangalore,Pass
1994,Lindsay Bryant,17,M,460.0,Delhi,Pass
1995,Nicole Barnes,18,F,270.0,Chennai,Pass
1996,Crystal Ramirez,16,F,372.0,Mumbai,Pass
1997,Mr. Thomas Newton III,18,M,201.0,Delhi,Pass
1998,Jessica Ortiz,15,F,273.0,Chennai,Pass
1999,Leah Webb,16,M,299.0022304832714,Chennai,Pass
2000,Alicia Hansen,16,M,299.0022304832714,Mumbai,Pass
2001,Morgan Russell,14,F,291.0,Chennai,Pass
2002,Michael Webster,18,M,299.0022304832714,Mumbai,Pass
2003,John Doyle,15,F,373.0,Bangalore,Pass
2004,Sean Wilson,14,F,252.0,Mumbai,Pass
2005,Roberta Anderson,14,F,299.0022304832714,Chennai,Pass
2006,Bianca Williams,15,M,236.0,Mumbai,Pass
2007,Mark Wood,13,M,371.0,Chennai,Pass
2008,Katrina Barber,15,M,225.0,Kolkata,Pass
2009,Alexa Woods,15,F,317.0,Bangalore,Pass
2010,Justin Stevens PhD,17,F,351.0,Mumbai,Pass
2011,Tony Edwards,16,F,248.0,Chennai,Pass
2012,David Griffin,17,F,328.0,Delhi,Pass
2013,Amanda James,15,M,153.0,Delhi,Fail
2014,Elizabeth Johnson,15,M,173.0,Delhi,Fail
2015,Nathan White,13,F,345.0,Mumbai,Pass
2016,Valerie Hensley,18,M,146.0,Mumbai,Fail
2017,Brenda Shaw,14,M,368.0,Delhi,Pass
2018,Bill Richards,16,M,267.0,Bangalore,Pass
2019,Stacy Frost,13,M,269.0,Mumbai,Pass
2020,Eric West,15,F,330.0,Mumbai,Pass
2021,Dr. Autumn Holmes DDS,13,M,381.0,Delhi,Pass
2022,Michelle Perry,16,M,239.0,Bangalore,Pass
2023,Jeffrey Moon,17,M,297.0,Delhi,Pass
2024,John Lee,15,F,265.0,Mumbai,Pass
2025,Tracy Baker,18,F,278.0,Delhi,Pass
2026,Pamela Fitzgerald,16,F,282.0,Kolkata,Pass
2027,Amanda Bell,13,F,314.0,Delhi,Pass
2028,Jeremy Gonzalez,14,F,386.0,Kolkata,Pass
2029,Joshua Gonzalez,15,M,333.0,Bangalore,Pass
2030,Diana Gaines,18,F,378.0,Chennai,Pass
2031,Corey Johnson,16,M,307.0,Delhi,Pass
2032,Michael Johnson,13,M,279.0,Chennai,Pass
2033,Lindsey Faulkner,15,F,373.0,Kolkata,Pass
2034,Joshua Allen,17,M,216.0,Mumbai,Pass
2035,Nathan Harvey,17,M,299.0022304832714,Mumbai,Pass
2036,Jim Castaneda,15,F,273.0,Delhi,Pass
2037,Denise Jones,17,F,285.0,Kolkata,Pass
2038,Nicholas Ho,15,F,268.0,Kolkata,Pass
2039,Jesse Hernandez,16,M,314.0,Delhi,Pass
2040,Dylan Bailey,16,F,325.0,Bangalore,Pass
2041,Brianna Mitchell,17,M,423.0,Chennai,Pass
2042,Tasha Allen,17,F,299.0022304832714,Chennai,Pass
2043,Mrs. Ashley Miller,16,M,284.0,Bangalore,Pass
2044,Dakota Lin,13,M,299.0,Kolkata,Pass
2045,Thomas Wilson,13,F,238.0,Mumbai,Pass
2046,Tammy Bryant,18,F,309.0,Kolkata,Pass
2047,Kristin Ramos,17,F,312.0,Bangalore,Pass
2048,Thomas Jackson,14,M,245.0,Mumbai,Pass
2049,Lori Parker,18,M,439.0,Bangalore,Pass
2050,Ryan Johnson,15,M,282.0,Chennai,Pass
2051,Chelsea Gonzales,16,F,394.0,Bangalore,Pass
2052,Matthew Rocha,14,F,147.0,Kolkata,Fail
2053,Victor Patterson,16,M,305.0,Mumbai,Pass
2054,Alexander Price,13,M,409.0,Delhi,Pass
2055,Jonathan Li,18,F,271.0,Kolkata,Pass
2056,Steven Schaefer,14,M,237.0,Kolkata,Pass
2057,John Taylor,17,M,380.0,Bangalore,Pass
2058,Christopher Rodriguez,14,F,258.0,Chennai,Pass
2059,George Miller,15,M,348.0,Chennai,Pass
2060,Michael Bryan,15,M,259.0,Mumbai,Pass
2061,Daniel Willis,17,F,342.0,Delhi,Pass
2062,Peter Green,18,F,367.0,Mumbai,Pass
2063,Diane Kelley,18,M,378.0,Kolkata,Pass
2064,Bianca Mcdaniel,17,F,299.0022304832714,Kolkata,Pass
2065,Todd Young,13,F,304.0,Bangalore,Pass
2066,Tiffany Mckee,18,M,313.0,Delhi,Pass
2067,Christopher Torres,13,M,299.0022304832714,Bangalore,Pass
2068,Scott Daniel,13,M,205.0,Bangalore,Pass
2069,Whitney Johnson,17,F,248.0,Delhi,Pass
2070,David Davis,17,M,402.0,Delhi,Pass
2071,Ryan Jones,13,M,311.0,Delhi,Pass
2072,Peter Price,17,M,273.0,Chennai,Pass
2073,Kathryn Alexander,17,F,348.0,Delhi,Pass
2074,Melanie Brady,16,F,274.0,Delhi,Pass
2075,Maria Schneider,14,M,310.0,Chennai,Pass
2076,Leslie Elliott,17,M,359.0,Kolkata,Pass
2077,Joshua Bass,18,F,274.0,Chennai,Pass
2078,Marcus Mcneil,13,F,276.0,Bangalore,Pass
2079,Natalie Russell,18,M,407.0,Kolkata,Pass
2080,Jordan Davis,17,F,292.0,Delhi,Pass
2081,Alexandria Dickerson,15,M,299.0022304832714,Delhi,Pass
2082,Thomas Jackson,14,M,332.0,Chennai,Pass
2083,Mr. Christopher Yates,17,M,344.0,Mumbai,Pass
2084,Amber Smith,16,F,308.0,Delhi,Pass
2085,Dominique Brown,18,F,299.0022304832714,Chennai,Pass
2086,Daniel Elliott DVM,13,F,299.0022304832714,Chennai,Pass
2087,Denise Quinn,14,F,225.0,Bangalore,Pass
2088,Nicholas Fitzgerald,17,F,370.0,Bangalore,Pass
2089,Parker Mcfarland,13,F,299.0022304832714,Delhi,Pass
2090,Jordan Mendoza,15,F,210.0,Mumbai,Pass
2091,David Walker,17,F,285.0,Kolkata,Pass
2092,Kari Barton,15,F,360.0,Delhi,Pass
2093,Ricky Ross,17,F,362.0,Mumbai,Pass
2094,Michelle Young,14,M,199.0,Delhi,Fail
2095,Kari Perez,17,F,322.0,Chennai,Pass
2096,Chelsea Mitchell,15,F,242.0,Chennai,Pass
2097,Joshua Briggs DDS,17,M,299.0022304832714,Kolkata,Pass
2098,David Gonzales,16,F,154.0,Chennai,Fail
2099,Jamie Edwards,15,F,280.0,Kolkata,Pass
2100,Christina Hunter,16,F,161.0,Mumbai,Fail
2101,Thomas Bell,13,M,358.0,Kolkata,Pass
2102,Carlos Zuniga,14,M,299.0022304832714,Chennai,Pass
2103,Zachary Berry,13,F,468.0,Kolkata,Pass
2104,Kristin Price,14,F,303.0,Chennai,Pass
2105,Mitchell Smith,18,F,238.0,Delhi,Pass
2106,Tonya Baker,15,F,299.0022304832714,Kolkata,Pass
2107,Joseph Williams,16,F,497.0,Kolkata,Pass
2108,Eric Ward,14,F,366.0,Bangalore,Pass
2109,David Johnson,14,M,228.0,Delhi,Pass
2110,Joshua Ortega,17,M,412.0,Delhi,Pass
2111,Maria Wright,15,F,286.0,Mumbai,Pass
2112,Kelly Howard,18,F,239.0,Mumbai,Pass
2113,James Patterson,13,M,276.0,Bangalore,Pass
2114,Bethany Dawson,13,F,250.0,Bangalore,Pass
2115,Phillip Jackson,15,F,311.0,Kolkata,Pass
2116,Ms. Rebecca Buchanan,16,F,207.0,Mumbai,Pass
2117,Megan Morgan,15,M,299.0022304832714,Kolkata,Pass
2118,Justin Green,13,F,190.0,Delhi,Fail
2119,Jessica Lee,13,F,215.0,Kolkata,Pass
2120,Theresa Martin,17,F,291.0,Chennai,Pass
2121,Brenda Henry,17,F,427.0,Chennai,Pass
2122,Alicia Brooks,13,M,402.0,Bangalore,Pass
2123,Jesus Ochoa,15,F,309.0,Chennai,Pass
2124,Bianca Chavez,16,F,235.0,Bangalore,Pass
2125,Julia Hammond,16,F,284.0,Chennai,Pass
2126,Natalie Dean,17,F,373.0,Mumbai,Pass
2127,Janice Kennedy,15,M,275.0,Mumbai,Pass
2128,Charles Duncan,17,M,355.0,Kolkata,Pass
2129,Michael Edwards,18,F,299.0022304832714,Mumbai,Pass
2130,Monica Fernandez MD,13,M,416.0,Chennai,Pass
2131,Colleen Owens,15,M,255.0,Kolkata,Pass
2132,Ashley White,16,F,230.0,Bangalore,Pass
2133,Michele Cook,14,M,379.0,Bangalore,Pass
2134,Carlos Wallace,14,M,362.0,Kolkata,Pass
2135,Henry Hayes,16,M,299.0022304832714,Chennai,Pass
2136,Michael Stewart,14,M,274.0,Bangalore,Pass
2137,Charles Thomas,13,F,220.0,Bangalore,Pass
2138,Scott Holland,13,M,365.0,Chennai,Pass
2139,Chelsea Lopez,16,M,276.0,Delhi,Pass
2140,Jacqueline Sharp,15,F,373.0,Chennai,Pass
2141,Diane Munoz,15,F,299.0022304832714,Bangalore,Pass
2142,Abigail Hester,17,M,319.0,Mumbai,Pass
2143,Nancy Clay,13,M,412.0,Kolkata,Pass
2144,Stephanie Rangel,13,F,198.0,Delhi,Fail
2145,Tina Campbell,16,F,257.0,Delhi,Pass
2146,Tiffany Hughes,18,M,315.0,Delhi,Pass
2147,Cheyenne Strong,13,F,87.0,Mumbai,Fail
2148,Brenda Floyd,16,M,319.0,Chennai,Pass
2149,William Horn,14,M,304.0,Delhi,Pass
2150,Joseph Duncan,17,M,300.0,Kolkata,Pass
2151,Nancy Pittman,15,F,110.0,Mumbai,Fail
2152,Stanley Graham,18,M,355.0,Bangalore,Pass
2153,Dr. Raymond Hansen MD,15,M,390.0,Chennai,Pass
2154,Martin Ortiz,14,M,172.0,Delhi,Fail
2155,Norman Hamilton,16,M,204.0,Bangalore,Pass
2156,Taylor Ford,17,M,255.0,Chennai,Pass
2157,Brandy Wright,18,M,263.0,Kolkata,Pass
2158,Douglas Duke DVM,16,F,269.0,Delhi,Pass
2159,Aaron Baker,17,M,347.0,Mumbai,Pass
2160,Joseph Mcbride,15,F,263.0,Chennai,Pass
2161,Matthew Rodriguez,16,M,387.0,Bangalore,Pass
2162,Kristina Floyd,18,F,299.0022304832714,Delhi,Pass
2163,Joshua Wood,17,M,361.0,Mumbai,Pass
2164,Scott Jacobson,18,F,229.0,Delhi,Pass
2165,Brian Contreras,18,M,389.0,Mumbai,Pass
2166,Suzanne Hamilton,17,F,288.0,Delhi,Pass
2167,Raymond Cantu,14,F,205.0,Chennai,Pass
2168,Phillip Graves,18,M,324.0,Kolkata,Pass
2169,Amber Allen,13,F,252.0,Delhi,Pass
2170,Mr. Chad Wolfe,14,M,299.0022304832714,Bangalore,Pass
2171,Anthony Trevino,14,F,214.0,Mumbai,Pass
2172,Michelle Bennett,18,F,254.0,Mumbai,Pass
2173,Erik Dorsey,14,M,318.0,Kolkata,Pass
2174,Crystal Durham,15,F,188.0,Kolkata,Fail
2175,William Ward,17,F,227.0,Delhi,Pass
2176,Joseph Espinoza,17,M,360.0,Chennai,Pass
2177,Sergio Robinson,15,M,194.0,Bangalore,Fail
2178,Christine Rodriguez,18,F,133.0,Mumbai,Fail
2179,Garrett Matthews,15,M,251.0,Chennai,Pass
2180,Jeanette Baker,15,M,360.0,Bangalore,Pass
2181,Brenda Lang,17,M,357.0,Chennai,Pass
2182,Joshua Garrett,17,M,294.0,Delhi,Pass
2183,Brian Rodriguez,14,M,408.0,Chennai,Pass
2184,Jean Huang,18,F,380.0,Mumbai,Pass
2185,Anita Ford,17,M,157.0,Chennai,Fail
2186,Lori Ross,17,F,470.0,Mumbai,Pass
2187,Courtney Woods,14,F,351.0,Kolkata,Pass
2188,Erika Hale,13,F,266.0,Bangalore,Pass
2189,Jeanette Miller,18,F,278.0,Bangalore,Pass
2190,Charles Alexander,18,F,353.0,Kolkata,Pass
2191,Jamie Johnson,17,F,299.0022304832714,Mumbai,Pass
2192,Angela Parker,13,M,299.0022304832714,Delhi,Pass
2193,John Lee,17,F,285.0,Mumbai,Pass
2194,Todd Johnson,13,M,242.0,Chennai,Pass
2195,Maria Mccarthy,16,M,234.0,Mumbai,Pass
2196,Miss Sara Thomas,18,M,299.0,Delhi,Pass
2197,Frances Tanner,18,M,362.0,Delhi,Pass
2198,John Cook,17,F,299.0,Bangalore,Pass
2199,Stephen Davis,17,F,346.0,Bangalore,Pass
2200,Sarah Rivera,16,M,299.0022304832714,Mumbai,Pass
2201,Mary Arnold,18,F,283.0,Delhi,Pass
2202,Anne Long,14,M,361.0,Kolkata,Pass
2203,Joshua Marquez MD,18,F,288.0,Delhi,Pass
2204,Cody Marquez,18,M,314.0,Mumbai,Pass
2205,Daniel Schneider,15,F,269.0,Delhi,Pass
2206,Austin Vasquez,13,M,254.0,Mumbai,Pass
2207,Tamara Warren,17,M,299.0022304832714,Bangalore,Pass
2208,Kevin Washington,18,F,326.0,Delhi,Pass
2209,Nicole Cameron,18,M,500.0,Mumbai,Pass
2210,Lisa Doyle,18,M,408.0,Kolkata,Pass
2211,Daisy Reyes,17,F,267.0,Delhi,Pass
2212,Ryan Davidson,17,M,381.0,Chennai,Pass
2213,Johnny Reid,14,M,294.0,Delhi,Pass
2214,Linda Becker,16,M,372.0,Bangalore,Pass
2215,Joyce Andersen,13,M,309.0,Kolkata,Pass
2216,Dustin Hughes,15,M,254.0,Delhi,Pass
2217,Kelly Mcguire,16,M,189.0,Delhi,Fail
2218,Maria French,14,M,221.0,Bangalore,Pass
2219,Cassandra Jones,18,M,216.0,Delhi,Pass
2220,James Thomas,17,F,327.0,Mumbai,Pass
2221,Joan Williams,16,F,358.0,Delhi,Pass
2222,Connie Lopez,17,F,320.0,Delhi,Pass
2223,Robin Dillon,16,M,235.0,Chennai,Pass
2224,David Benton,15,M,342.0,Chennai,Pass
2225,Sara Harrington,16,F,309.0,Chennai,Pass
2226,John Weaver,14,F,250.0,Bangalore,Pass
2227,Ashley Edwards,14,F,366.0,Chennai,Pass
2228,Ruth Lowe,13,M,298.0,Kolkata,Pass
2229,Sara Glenn,13,M,240.0,Bangalore,Pass
2230,Nicole Fisher,16,M,304.0,Delhi,Pass
2231,Timothy Gonzales,13,M,434.0,Delhi,Pass
2232,Sara Smith,18,M,313.0,Mumbai,Pass
2233,Teresa Marsh,16,M,294.0,Delhi,Pass
2234,Gail Johnson,14,F,299.0022304832714,Mumbai,Pass
2235,Charles Lyons,15,M,299.0022304832714,Kolkata,Pass
2236,Sarah Moore,16,F,436.0,Bangalore,Pass
2237,Amy Hernandez,17,M,332.0,Kolkata,Pass
2238,David Wallace,14,M,374.0,Chennai,Pass
2239,Alicia Hendricks,14,M,361.0,Kolkata,Pass
2240,Paula Ballard,17,F,212.0,Chennai,Pass
2241,Evan Thomas,17,F,335.0,Delhi,Pass
2242,Deborah Eaton,18,F,410.0,Bangalore,Pass
2243,Evan Stevenson,13,F,251.0,Chennai,Pass
2244,Christine Parker,15,M,299.0022304832714,Delhi,Pass
2245,Alejandra Romero,15,F,258.0,Mumbai,Pass
2246,Heather Clarke,13,F,217.0,Kolkata,Pass
2247,Erin Brown,14,M,213.0,Mumbai,Pass
2248,David Allen,16,F,299.0022304832714,Bangalore,Pass
2249,Justin Williams,16,F,297.0,Kolkata,Pass
2250,Dr. Richard Walters,15,F,299.0022304832714,Delhi,Pass
2251,Jessica Conner,17,F,293.0,Chennai,Pass
2252,Jared Manning,13,M,195.0,Mumbai,Fail
2253,Timothy Solis,15,F,381.0,Chennai,Pass
2254,Diane Davis,14,M,270.0,Kolkata,Pass
2255,Doris Sanders,16,F,251.0,Chennai,Pass
2256,Elizabeth Lloyd,15,M,266.0,Kolkata,Pass
2257,Danielle Smith,18,M,377.0,Mumbai,Pass
2258,Lauren Pace,18,F,327.0,Bangalore,Pass
2259,Johnny Manning,15,M,335.0,Bangalore,Pass
2260,Barbara Fernandez,18,M,346.0,Kolkata,Pass
2261,Thomas Burns,14,F,419.0,Mumbai,Pass
2262,Donald Wells,17,M,383.0,Delhi,Pass
2263,Javier Gray,13,M,413.0,Delhi,Pass
2264,Jennifer Taylor,18,M,329.0,Bangalore,Pass
2265,Scott Maynard DDS,14,F,395.0,Delhi,Pass
2266,Mason Henderson,15,F,344.0,Delhi,Pass
2267,Daniel Morales,17,F,439.0,Chennai,Pass
2268,Kristopher Reeves,13,F,350.0,Chennai,Pass
2269,Mr. Brian Guerra MD,14,M,299.0022304832714,Bangalore,Pass
2270,Andrew Davis,14,F,283.0,Mumbai,Pass
2271,Katherine Thomas,15,M,304.0,Chennai,Pass
2272,Lisa Campbell,13,M,176.0,Bangalore,Fail
2273,Gary Farmer,13,M,299.0022304832714,Delhi,Pass
2274,Sophia Harrington,18,M,312.0,Kolkata,Pass
2275,Andrew Torres,13,M,254.0,Bangalore,Pass
2276,Bruce Clark,15,M,185.0,Kolkata,Fail
2277,Kenneth Ruiz,18,F,268.0,Delhi,Pass
2278,Ryan Carlson,13,F,370.0,Delhi,Pass
2279,Maxwell Gonzalez,17,F,296.0,Bangalore,Pass
2280,Tamara Thomas,15,F,339.0,Bangalore,Pass
2281,Laura Phillips,15,F,329.0,Kolkata,Pass
2282,Morgan Davis,17,F,299.0022304832714,Mumbai,Pass
2283,Amber James,13,F,253.0,Bangalore,Pass
2284,Diane Murphy,18,M,349.0,Mumbai,Pass
2285,Paula Grant,16,F,299.0022304832714,Mumbai,Pass
2286,Brittany Taylor,14,F,200.0,Kolkata,Pass
2287,Mr. Paul Thompson,14,M,256.0,Bangalore,Pass
2288,Tracy Davis,16,F,348.0,Bangalore,Pass
2289,Ruth Preston,14,F,171.0,Bangalore,Fail
2290,James Wise,14,M,327.0,Chennai,Pass
2291,Donald Lopez,16,M,338.0,Delhi,Pass
2292,Anthony Berry,18,F,233.0,Chennai,Pass
2293,Sarah House,14,M,254.0,Bangalore,Pass
2294,Yesenia Ferguson,18,M,299.0022304832714,Bangalore,Pass
2295,Danielle Allen,14,F,314.0,Delhi,Pass
2296,Kenneth Bradley,17,F,339.0,Chennai,Pass
2297,Nicole Lopez,18,F,299.0022304832714,Mumbai,Pass
2298,Michael Beck,16,M,341.0,Delhi,Pass
2299,Anthony Cain,16,M,261.0,Bangalore,Pass
2300,April Villarreal,18,M,285.0,Delhi,Pass
2301,Jason Soto,16,M,346.0,Kolkata,Pass
2302,Anthony Hobbs,13,M,349.0,Delhi,Pass
2303,April Dorsey,18,F,371.0,Bangalore,Pass
2304,Kristina Parker,14,M,333.0,Mumbai,Pass
2305,Thomas Shea,16,F,380.0,Chennai,Pass
2306,John Jordan,18,M,368.0,Mumbai,Pass
2307,Abigail Griffin,16,M,146.0,Kolkata,Fail
2308,Jennifer Cain,18,F,288.0,Chennai,Pass
2309,Christopher Lee,13,M,261.0,Mumbai,Pass
2310,Beth Stephens,14,M,186.0,Chennai,Fail
2311,Derek Obrien,16,F,264.0,Chennai,Pass
2312,Walter Cook,16,M,294.0,Delhi,Pass
2313,Nicole Robertson,15,M,299.0022304832714,Kolkata,Pass
2314,Eric Pittman,18,F,247.0,Bangalore,Pass
2315,Sarah Caldwell,17,M,320.0,Bangalore,Pass
2316,Jason Taylor,14,F,252.0,Chennai,Pass
2317,Robert Roman,14,F,217.0,Delhi,Pass
2318,Jaime Smith,18,M,201.0,Bangalore,Pass
2319,Travis Smith,13,F,245.0,Delhi,Pass
2320,Angela Smith,17,M,273.0,Chennai,Pass
2321,William Rodriguez,18,M,328.0,Mumbai,Pass
2322,Jennifer Bernard,14,M,309.0,Mumbai,Pass
2323,Elizabeth Curry,16,F,337.0,Kolkata,Pass
2324,Jesse Le,18,F,302.0,Mumbai,Pass
2325,Brandy Pearson,16,M,299.0022304832714,Bangalore,Pass
2326,Sharon Nelson,16,M,324.0,Bangalore,Pass
2327,Carrie Harper,13,F,336.0,Mumbai,Pass
2328,Jennifer Gregory,13,M,333.0,Kolkata,Pass
2329,Leslie Young,15,F,192.0,Mumbai,Fail
2330,Jaime Stokes,15,M,299.0022304832714,Mumbai,Pass
2331,Michele Pierce,16,F,238.0,Delhi,Pass
2332,Janice Roberts,16,F,170.0,Kolkata,Fail
2333,Lori Meadows,18,F,379.0,Chennai,Pass
2334,Sarah Nichols,17,M,297.0,Kolkata,Pass
2335,Brooke Smith,16,F,229.0,Kolkata,Pass
2336,Jane Obrien,15,F,224.0,Delhi,Pass
2337,Karen Sullivan,17,M,299.0022304832714,Mumbai,Pass
2338,Michelle Strong,14,M,347.0,Chennai,Pass
2339,Paul Howard,16,M,273.0,Bangalore,Pass
2340,Michele Lynch,16,M,368.0,Chennai,Pass
2341,Wesley Bennett,17,M,284.0,Kolkata,Pass
2342,Richard Mckinney,18,M,402.0,Delhi,Pass
2343,Stacey Knight,18,M,365.0,Chennai,Pass
2344,Hannah Obrien,16,F,500.0,Bangalore,Pass
2345,Marilyn Wolfe,15,F,327.0,Mumbai,Pass
2346,Laura Dixon,15,M,325.0,Bangalore,Pass
2347,Jeffrey Bond,18,F,352.0,Bangalore,Pass
2348,Peter Phillips,18,M,289.0,Kolkata,Pass
2349,Miranda Williams,17,M,218.0,Delhi,Pass
2350,Martin Wilson,15,F,255.0,Chennai,Pass
2351,Luis Molina,17,F,215.0,Kolkata,Pass
2352,Daniel Richardson,18,F,279.0,Kolkata,Pass
2353,Amanda Chandler,15,F,304.0,Mumbai,Pass
2354,Diana Daniels,15,F,250.0,Delhi,Pass
2355,Mr. Jason Christensen,18,F,240.0,Bangalore,Pass
2356,Joseph Harrison,18,M,457.0,Delhi,Pass
2357,Brenda Larson,17,F,398.0,Mumbai,Pass
2358,Anita Morales,14,M,258.0,Bangalore,Pass
2359,Stacy Ortiz,14,M,286.0,Chennai,Pass
2360,Elizabeth Lang,15,M,300.0,Chennai,Pass
2361,Laura Powell,13,M,187.0,Kolkata,Fail
2362,Benjamin Lawrence,15,F,430.0,Bangalore,Pass
2363,Thomas Wu,15,F,334.0,Mumbai,Pass
2364,Alan Bennett,15,M,355.0,Bangalore,Pass
2365,Denise Vazquez,16,M,464.0,Kolkata,Pass
2366,Sharon Cross,14,M,246.0,Kolkata,Pass
2367,Mr. Shane Marshall,16,M,362.0,Chennai,Pass
2368,Dustin Curtis,15,M,324.0,Kolkata,Pass
2369,Joshua Bailey,15,F,299.0022304832714,Chennai,Pass
2370,David Wolfe,14,F,263.0,Delhi,Pass
2371,Mary Medina,16,F,170.0,Delhi,Fail
2372,Edward Lee,14,F,309.0,Delhi,Pass
2373,Victor Stephenson,18,F,355.0,Delhi,Pass
2374,William Meyer,15,M,229.0,Kolkata,Pass
2375,William Ali,16,F,180.0,Chennai,Fail
2376,Kevin Ford,15,M,321.0,Kolkata,Pass
2377,Brian Martin,18,F,202.0,Kolkata,Pass
2378,Karen Nelson DDS,14,M,282.0,Mumbai,Pass
2379,Joseph Peterson,17,M,294.0,Mumbai,Pass
2380,Gary Hall,15,F,303.0,Chennai,Pass
2381,Mary Washington,17,F,296.0,Bangalore,Pass
2382,Kelly Kim,18,F,171.0,Delhi,Fail
2383,Matthew Little,17,F,299.0022304832714,Delhi,Pass
2384,Michelle Diaz,14,M,299.0,Delhi,Pass
2385,Nancy Perry,13,F,375.0,Bangalore,Pass
2386,Kristina Dickerson,18,F,293.0,Bangalore,Pass
2387,Mary Baker,14,F,324.0,Bangalore,Pass
2388,Danny Lee,14,F,290.0,Kolkata,Pass
2389,Charles Williams,14,F,298.0,Delhi,Pass
2390,Dr. Tammy Frazier,13,M,259.0,Mumbai,Pass
2391,Lisa Atkinson,13,F,207.0,Mumbai,Pass
2392,Carmen Mason,13,F,299.0022304832714,Kolkata,Pass
2393,David Moody,17,F,193.0,Delhi,Fail
2394,Nichole Short,13,M,400.0,Mumbai,Pass
2395,Jonathan Clark,14,M,188.0,Bangalore,Fail
2396,Andre Berry,14,F,299.0022304832714,Bangalore,Pass
2397,Jessica Howard,16,M,329.0,Mumbai,Pass
2398,Anthony Mitchell,16,M,309.0,Kolkata,Pass
2399,Julia Obrien,16,F,229.0,Chennai,Pass
2400,April Maddox,16,F,302.0,Kolkata,Pass
2401,William Strickland,15,F,315.0,Mumbai,Pass
2402,Debra Ford,14,M,260.0,Bangalore,Pass
2403,Ashley Taylor,15,M,299.0022304832714,Delhi,Pass
2404,Olivia White,13,F,304.0,Chennai,Pass
2405,Kenneth Reeves,17,F,230.0,Kolkata,Pass
2406,Stephanie Clark,16,F,312.0,Bangalore,Pass
2407,Amanda Hayden,14,F,262.0,Chennai,Pass
2408,Stephanie Holt,17,F,285.0,Delhi,Pass
2409,Jeff Schroeder,15,F,234.0,Mumbai,Pass
2410,Taylor Rogers,15,M,273.0,Delhi,Pass
2411,Joshua Jones,14,F,282.0,Mumbai,Pass
2412,Deborah Lee,14,F,264.0,Chennai,Pass
2413,Anthony Nelson,15,M,350.0,Delhi,Pass
2414,Raymond Potts,17,F,309.0,Kolkata,Pass
2415,Matthew Fisher,16,M,209.0,Kolkata,Pass
2416,Nicole Rodriguez,18,F,339.0,Mumbai,Pass
2417,Sheri Flowers,14,M,329.0,Delhi,Pass
2418,Melissa Martinez,16,M,329.0,Chennai,Pass
2419,Carl Jones,13,F,189.0,Mumbai,Fail
2420,Danielle Williams,13,F,299.0022304832714,Bangalore,Pass
2421,Jonathan Ruiz,15,F,213.0,Delhi,Pass
2422,Beth Conner,14,F,163.0,Kolkata,Fail
2423,Robert Delacruz,16,F,395.0,Kolkata,Pass
2424,Tammy Miller,14,M,202.0,Mumbai,Pass
2425,Samantha Anderson,13,F,299.0022304832714,Delhi,Pass
2426,Brian Lee,15,M,335.0,Chennai,Pass
2427,Robin Carter,13,M,376.0,Delhi,Pass
2428,Jessica Landry,16,F,223.0,Bangalore,Pass
2429,Adam Spencer,15,F,146.0,Delhi,Fail
2430,Albert Garcia,16,F,284.0,Mumbai,Pass
2431,James Garrett,15,M,310.0,Delhi,Pass
2432,Kimberly Lewis,16,F,210.0,Delhi,Pass
2433,Jamie Griffin,15,F,299.0022304832714,Bangalore,Pass
2434,Virginia Fields,13,M,300.0,Chennai,Pass
2435,Andrew Martinez DDS,17,M,275.0,Mumbai,Pass
2436,Mary Jackson,15,M,298.0,Kolkata,Pass
2437,Ms. Brooke Beard,13,M,309.0,Bangalore,Pass
2438,Julie Stephens,18,F,341.0,Delhi,Pass
2439,Patrick Clark,18,F,303.0,Kolkata,Pass
2440,Sara Carpenter,16,F,267.0,Delhi,Pass
2441,Lauren Sellers DDS,14,M,411.0,Kolkata,Pass
2442,Maria Costa,16,M,372.0,Mumbai,Pass
2443,Christopher Hopkins,16,F,412.0,Chennai,Pass
2444,John Harris,15,M,279.0,Bangalore,Pass
2445,Nicole Adams,13,F,258.0,Delhi,Pass
2446,Lisa Clark,17,F,260.0,Mumbai,Pass
2447,Christopher Lee,18,F,313.0,Bangalore,Pass
2448,James Christian,15,F,310.0,Kolkata,Pass
2449,Paula Watkins,16,M,281.0,Mumbai,Pass
2450,Wanda Price,13,M,299.0,Kolkata,Pass
2451,Darren Wade,14,M,359.0,Kolkata,Pass
2452,Ryan Gonzales,15,F,334.0,Delhi,Pass
2453,Kelly Buchanan,18,M,299.0022304832714,Bangalore,Pass
2454,Christopher Lee,18,F,366.0,Delhi,Pass
2455,Matthew Tucker PhD,18,F,284.0,Delhi,Pass
2456,Christopher Newman,16,M,385.0,Mumbai,Pass
2457,John Ferguson,18,F,322.0,Delhi,Pass
2458,Cory Pierce,13,F,232.0,Bangalore,Pass
2459,David Sullivan,15,M,206.0,Delhi,Pass
2460,Amber Long,14,M,305.0,Mumbai,Pass
2461,Dale Lopez,13,F,366.0,Bangalore,Pass
2462,Christopher Avila,15,F,309.0,Kolkata,Pass
2463,Jennifer Smith,14,M,315.0,Kolkata,Pass
2464,Christopher Porter,16,M,340.0,Mumbai,Pass
2465,Rachel Meadows,13,F,333.0,Delhi,Pass
2466,Sara Rojas,17,M,360.0,Delhi,Pass
2467,Carrie George,16,F,433.0,Mumbai,Pass
2468,Oscar Ford,15,F,329.0,Bangalore,Pass
2469,Roy Cook,15,M,227.0,Chennai,Pass
2470,Steven Davis,16,F,307.0,Chennai,Pass
2471,Derek Armstrong,13,M,299.0022304832714,Delhi,Pass
2472,Christina Gonzalez,13,F,321.0,Chennai,Pass
2473,Christian Mosley,15,F,329.0,Bangalore,Pass
2474,Carlos Moore,16,M,299.0022304832714,Delhi,Pass
2475,Matthew Perez,18,M,360.0,Bangalore,Pass
2476,Mariah Petersen,15,M,163.0,Chennai,Fail
2477,Marilyn Grant,13,F,343.0,Delhi,Pass
2478,Terry Kim,15,M,299.0,Delhi,Pass
2479,Courtney Johnston,18,F,283.0,Bangalore,Pass
2480,Matthew Booth,14,F,218.0,Bangalore,Pass
2481,Leslie Smith,18,M,405.0,Bangalore,Pass
2482,James Bryant,17,M,296.0,Delhi,Pass
2483,Grant Reed,18,M,174.0,Chennai,Fail
2484,Brian Kennedy,16,M,244.0,Delhi,Pass
2485,Melody Delgado,16,F,465.0,Delhi,Pass
2486,Michael Schwartz,17,M,335.0,Delhi,Pass
2487,Cassidy Craig,16,F,300.0,Mumbai,Pass
2488,Denise Peterson,13,M,362.0,Chennai,Pass
2489,Stephanie Melton,17,M,256.0,Kolkata,Pass
2490,David Price,15,M,268.0,Delhi,Pass
2491,Ashley Hill,15,F,299.0022304832714,Bangalore,Pass
2492,Monique Douglas,15,M,299.0022304832714,Mumbai,Pass
2493,Brian Pitts,14,M,424.0,Chennai,Pass
2494,Anthony Ballard,17,M,378.0,Kolkata,Pass
2495,Jennifer Daniels,14,M,227.0,Bangalore,Pass
2496,Mark Horton,18,F,296.0,Kolkata,Pass
2497,Lisa Johnston,14,F,223.0,Bangalore,Pass
2498,Denise Campbell,16,M,258.0,Mumbai,Pass
2499,Angel Sanders,18,M,240.0,Chennai,Pass
2500,Virginia Warren,13,F,187.0,Chennai,Fail
